{"type":"FeatureCollection","bbox":[6.626621368537682,35.493691935511414,18.520381599098922,47.09178374646217],"features":[{"type":"Feature","geometry":{"type":"Polygon","coordinates":[[[7.136,45.28],[7.12,45.304],[7.111,45.316],[7.121,45.328],[7.135,45.332],[7.132,45.338],[7.142,45.352],[7.161,45.363],[7.182,45.401],[7.184,45.407],[7.164,45.413],[7.152,45.423],[7.116,45.433],[7.112,45.445],[7.099,45.461],[7.114,45.474],[7.115,45.485],[7.122,45.499],[7.138,45.516],[7.141,45.494],[7.141,45.481],[7.149,45.48],[7.159,45.487],[7.207,45.476],[7.23,45.475],[7.253,45.497],[7.264,45.499],[7.279,45.513],[7.304,45.516],[7.339,45.521],[7.358,45.525],[7.368,45.522],[7.397,45.529],[7.409,45.535],[7.45,45.561],[7.491,45.583],[7.518,45.578],[7.532,45.577],[7.542,45.585],[7.574,45.589],[7.599,45.578],[7.617,45.564],[7.647,45.568],[7.716,45.559],[7.73,45.551],[7.756,45.564],[7.779,45.571],[7.797,45.583],[7.827,45.597],[7.84,45.597],[7.849,45.602],[7.877,45.6],[7.891,45.594],[7.896,45.59],[7.898,45.597],[7.897,45.606],[7.913,45.631],[7.932,45.636],[7.927,45.653],[7.921,45.662],[7.917,45.669],[7.907,45.682],[7.909,45.697],[7.937,45.724],[7.899,45.75],[7.881,45.768],[7.874,45.777],[7.866,45.798],[7.873,45.826],[7.864,45.84],[7.87,45.85],[7.876,45.862],[7.866,45.879],[7.864,45.916],[7.875,45.929],[7.87,45.947],[7.878,45.954],[7.887,45.977],[7.954,45.997],[7.988,45.996],[8.002,46.012],[8.014,46.031],[8.035,46.043],[8.027,46.058],[8.024,46.076],[8.036,46.101],[8.069,46.106],[8.091,46.107],[8.115,46.122],[8.126,46.135],[8.142,46.136],[8.153,46.146],[8.15,46.157],[8.158,46.173],[8.165,46.182],[8.152,46.201],[8.126,46.229],[8.112,46.244],[8.093,46.254],[8.081,46.261],[8.119,46.289],[8.146,46.302],[8.178,46.297],[8.194,46.303],[8.212,46.309],[8.221,46.323],[8.224,46.334],[8.241,46.34],[8.25,46.343],[8.257,46.346],[8.262,46.347],[8.263,46.351],[8.263,46.359],[8.268,46.366],[8.284,46.364],[8.307,46.375],[8.314,46.382],[8.315,46.389],[8.317,46.397],[8.294,46.406],[8.315,46.424],[8.343,46.437],[8.375,46.453],[8.407,46.459],[8.462,46.451],[8.464,46.439],[8.459,46.421],[8.465,46.407],[8.467,46.4],[8.466,46.382],[8.462,46.353],[8.452,46.321],[8.43,46.295],[8.439,46.283],[8.456,46.264],[8.449,46.261],[8.449,46.248],[8.465,46.244],[8.467,46.235],[8.496,46.228],[8.516,46.22],[8.526,46.221],[8.534,46.211],[8.564,46.184],[8.572,46.168],[8.598,46.155],[8.6,46.15],[8.611,46.124],[8.648,46.122],[8.679,46.11],[8.7,46.101],[8.705,46.083],[8.711,46.074],[8.717,46.056],[8.723,46.037],[8.729,46.028],[8.724,46.016],[8.701,46.0],[8.588,45.917],[8.575,45.882],[8.594,45.828],[8.564,45.807],[8.56,45.77],[8.582,45.749],[8.59,45.736],[8.607,45.726],[8.635,45.723],[8.649,45.72],[8.655,45.709],[8.64,45.685],[8.641,45.677],[8.655,45.674],[8.67,45.676],[8.675,45.678],[8.683,45.671],[8.673,45.667],[8.672,45.658],[8.687,45.644],[8.685,45.635],[8.673,45.639],[8.662,45.643],[8.66,45.636],[8.666,45.629],[8.676,45.622],[8.686,45.618],[8.689,45.608],[8.699,45.602],[8.705,45.594],[8.703,45.587],[8.697,45.584],[8.693,45.579],[8.695,45.575],[8.706,45.568],[8.707,45.549],[8.715,45.528],[8.713,45.52],[8.728,45.502],[8.751,45.499],[8.765,45.491],[8.781,45.485],[8.789,45.484],[8.789,45.462],[8.81,45.446],[8.808,45.434],[8.828,45.417],[8.84,45.393],[8.811,45.389],[8.804,45.38],[8.766,45.389],[8.747,45.376],[8.719,45.378],[8.743,45.358],[8.762,45.351],[8.758,45.345],[8.743,45.338],[8.717,45.305],[8.689,45.294],[8.673,45.292],[8.663,45.311],[8.656,45.326],[8.617,45.352],[8.601,45.351],[8.569,45.349],[8.538,45.347],[8.533,45.335],[8.53,45.318],[8.52,45.312],[8.508,45.308],[8.512,45.291],[8.522,45.274],[8.525,45.278],[8.536,45.272],[8.531,45.266],[8.533,45.258],[8.542,45.256],[8.537,45.248],[8.526,45.254],[8.536,45.244],[8.552,45.243],[8.549,45.238],[8.529,45.239],[8.539,45.237],[8.542,45.231],[8.53,45.23],[8.523,45.224],[8.528,45.218],[8.538,45.214],[8.547,45.203],[8.525,45.2],[8.551,45.196],[8.555,45.204],[8.579,45.201],[8.545,45.182],[8.546,45.172],[8.553,45.161],[8.558,45.158],[8.587,45.145],[8.607,45.128],[8.612,45.103],[8.624,45.096],[8.637,45.084],[8.64,45.07],[8.643,45.06],[8.647,45.054],[8.648,45.036],[8.657,45.028],[8.653,45.024],[8.659,45.018],[8.666,45.021],[8.681,45.029],[8.701,45.031],[8.706,45.038],[8.711,45.038],[8.714,45.037],[8.727,45.022],[8.743,45.024],[8.754,45.015],[8.749,45.015],[8.767,45.01],[8.768,45.007],[8.773,45.007],[8.777,45.023],[8.782,45.023],[8.791,45.02],[8.797,45.02],[8.794,45.033],[8.797,45.036],[8.842,45.043],[8.842,45.05],[8.846,45.051],[8.871,45.052],[8.884,45.061],[8.892,45.051],[8.904,45.03],[8.901,45.013],[8.917,44.99],[8.949,44.988],[8.97,44.976],[8.977,44.964],[8.983,44.932],[9.006,44.904],[9.035,44.888],[9.058,44.883],[9.068,44.861],[9.049,44.85],[9.062,44.836],[9.071,44.83],[9.077,44.815],[9.107,44.811],[9.119,44.808],[9.155,44.814],[9.157,44.812],[9.162,44.805],[9.171,44.779],[9.174,44.77],[9.214,44.745],[9.203,44.724],[9.208,44.704],[9.199,44.683],[9.202,44.672],[9.206,44.659],[9.2,44.644],[9.2,44.615],[9.205,44.599],[9.193,44.592],[9.169,44.585],[9.153,44.574],[9.138,44.574],[9.111,44.583],[9.102,44.593],[9.104,44.606],[9.083,44.62],[9.047,44.615],[9.045,44.624],[9.032,44.642],[9.026,44.65],[9.023,44.657],[9.013,44.667],[8.998,44.666],[8.992,44.662],[8.973,44.663],[8.966,44.672],[8.952,44.676],[8.939,44.675],[8.908,44.647],[8.886,44.631],[8.902,44.623],[8.909,44.613],[8.912,44.583],[8.918,44.561],[8.902,44.556],[8.89,44.551],[8.87,44.566],[8.863,44.561],[8.823,44.556],[8.827,44.546],[8.826,44.54],[8.818,44.538],[8.795,44.522],[8.793,44.498],[8.769,44.49],[8.77,44.497],[8.773,44.506],[8.769,44.511],[8.76,44.53],[8.75,44.525],[8.751,44.544],[8.74,44.558],[8.721,44.58],[8.705,44.581],[8.697,44.579],[8.677,44.578],[8.632,44.58],[8.619,44.583],[8.614,44.568],[8.61,44.571],[8.598,44.556],[8.614,44.546],[8.608,44.54],[8.596,44.537],[8.587,44.524],[8.572,44.518],[8.552,44.504],[8.546,44.508],[8.527,44.511],[8.478,44.511],[8.475,44.517],[8.469,44.522],[8.449,44.497],[8.419,44.513],[8.399,44.491],[8.391,44.484],[8.386,44.477],[8.358,44.465],[8.333,44.489],[8.323,44.488],[8.293,44.502],[8.271,44.507],[8.252,44.528],[8.23,44.517],[8.216,44.497],[8.208,44.479],[8.196,44.465],[8.208,44.457],[8.22,44.426],[8.208,44.41],[8.167,44.39],[8.15,44.375],[8.149,44.354],[8.136,44.339],[8.108,44.333],[8.106,44.324],[8.107,44.312],[8.086,44.306],[8.08,44.313],[8.067,44.288],[8.081,44.281],[8.091,44.275],[8.087,44.27],[8.081,44.262],[8.068,44.256],[8.081,44.241],[8.066,44.223],[8.084,44.204],[8.093,44.192],[8.094,44.175],[8.073,44.158],[8.074,44.151],[8.054,44.143],[8.04,44.146],[8.014,44.156],[7.989,44.145],[7.979,44.134],[7.991,44.129],[8.006,44.126],[8.008,44.117],[8.016,44.111],[8.004,44.102],[7.963,44.107],[7.954,44.103],[7.937,44.1],[7.922,44.109],[7.906,44.108],[7.856,44.119],[7.816,44.123],[7.768,44.14],[7.751,44.136],[7.738,44.129],[7.729,44.128],[7.723,44.121],[7.722,44.098],[7.742,44.084],[7.758,44.085],[7.757,44.083],[7.734,44.074],[7.727,44.06],[7.717,44.083],[7.683,44.114],[7.666,44.132],[7.673,44.138],[7.672,44.152],[7.685,44.174],[7.661,44.177],[7.631,44.168],[7.585,44.151],[7.542,44.146],[7.526,44.14],[7.512,44.142],[7.491,44.138],[7.471,44.133],[7.462,44.127],[7.43,44.13],[7.424,44.114],[7.399,44.121],[7.373,44.12],[7.347,44.134],[7.342,44.146],[7.316,44.144],[7.291,44.146],[7.282,44.141],[7.248,44.158],[7.236,44.175],[7.229,44.168],[7.204,44.185],[7.195,44.186],[7.174,44.201],[7.144,44.2],[7.128,44.209],[7.097,44.221],[7.044,44.228],[7.034,44.224],[7.029,44.231],[7.018,44.233],[6.999,44.244],[6.996,44.28],[6.98,44.287],[6.958,44.295],[6.961,44.308],[6.948,44.32],[6.922,44.347],[6.903,44.358],[6.887,44.363],[6.892,44.369],[6.896,44.385],[6.895,44.41],[6.922,44.424],[6.933,44.426],[6.948,44.43],[6.913,44.451],[6.906,44.468],[6.882,44.477],[6.877,44.485],[6.861,44.503],[6.871,44.54],[6.881,44.554],[6.916,44.562],[6.924,44.571],[6.933,44.594],[6.947,44.607],[6.949,44.618],[6.959,44.622],[6.963,44.629],[6.948,44.653],[6.955,44.66],[6.958,44.67],[6.971,44.678],[6.998,44.691],[7.003,44.687],[7.062,44.68],[7.076,44.683],[7.068,44.703],[7.044,44.718],[7.022,44.754],[7.025,44.761],[7.011,44.784],[7.0,44.79],[7.02,44.819],[7.007,44.84],[6.984,44.846],[6.97,44.846],[6.937,44.861],[6.922,44.851],[6.905,44.846],[6.859,44.853],[6.839,44.86],[6.811,44.875],[6.8,44.884],[6.779,44.897],[6.771,44.903],[6.751,44.906],[6.759,44.932],[6.753,44.938],[6.764,44.958],[6.76,44.973],[6.743,44.989],[6.743,44.995],[6.751,44.998],[6.745,45.012],[6.726,45.022],[6.713,45.021],[6.674,45.02],[6.664,45.035],[6.67,45.041],[6.663,45.056],[6.656,45.072],[6.641,45.09],[6.633,45.115],[6.673,45.125],[6.68,45.14],[6.7,45.143],[6.722,45.141],[6.751,45.143],[6.787,45.154],[6.845,45.131],[6.852,45.128],[6.871,45.136],[6.897,45.14],[6.892,45.167],[6.927,45.17],[6.947,45.171],[6.953,45.186],[6.962,45.204],[6.989,45.21],[7.027,45.216],[7.05,45.226],[7.084,45.224],[7.112,45.247],[7.125,45.244],[7.133,45.264],[7.136,45.28],[7.136,45.28]],[[8.048,45.108],[8.031,45.13],[8.027,45.133],[8.023,45.132],[8.022,45.13],[8.022,45.128],[8.006,45.129],[8.011,45.102],[8.048,45.108]],[[8.816,45.022],[8.816,45.022]],[[8.704,45.018],[8.704,45.018]]]},"properties":{"reg_name":"Piemonte"}},{"type":"Feature","geometry":{"type":"Polygon","coordinates":[[[7.735,45.924],[7.769,45.937],[7.8,45.917],[7.807,45.92],[7.821,45.927],[7.846,45.921],[7.862,45.915],[7.869,45.868],[7.874,45.855],[7.869,45.85],[7.864,45.839],[7.865,45.822],[7.865,45.797],[7.876,45.776],[7.881,45.767],[7.9,45.749],[7.93,45.715],[7.907,45.692],[7.909,45.681],[7.918,45.669],[7.921,45.661],[7.933,45.649],[7.93,45.636],[7.907,45.624],[7.897,45.606],[7.899,45.596],[7.896,45.59],[7.89,45.595],[7.876,45.6],[7.847,45.601],[7.837,45.598],[7.818,45.594],[7.796,45.583],[7.777,45.571],[7.749,45.56],[7.729,45.553],[7.703,45.556],[7.646,45.569],[7.61,45.563],[7.59,45.582],[7.569,45.591],[7.541,45.584],[7.53,45.577],[7.514,45.58],[7.489,45.583],[7.449,45.561],[7.403,45.534],[7.385,45.52],[7.367,45.523],[7.357,45.524],[7.337,45.521],[7.303,45.517],[7.269,45.515],[7.263,45.499],[7.251,45.496],[7.223,45.47],[7.207,45.476],[7.157,45.487],[7.148,45.478],[7.14,45.483],[7.142,45.495],[7.135,45.516],[7.121,45.498],[7.114,45.48],[7.113,45.473],[7.065,45.475],[7.05,45.472],[7.049,45.486],[7.055,45.492],[7.044,45.498],[7.027,45.497],[7.001,45.511],[6.995,45.528],[6.995,45.547],[6.992,45.566],[6.99,45.579],[6.979,45.586],[6.985,45.612],[6.99,45.627],[7.001,45.637],[6.98,45.645],[6.971,45.65],[6.967,45.655],[6.93,45.647],[6.913,45.662],[6.902,45.681],[6.87,45.681],[6.821,45.714],[6.809,45.727],[6.817,45.74],[6.809,45.744],[6.806,45.76],[6.802,45.776],[6.808,45.793],[6.819,45.837],[6.844,45.842],[6.859,45.834],[6.865,45.833],[6.874,45.844],[6.875,45.847],[6.882,45.85],[6.893,45.844],[6.931,45.846],[6.945,45.853],[6.986,45.869],[6.999,45.874],[7.003,45.897],[7.031,45.921],[7.053,45.916],[7.064,45.907],[7.092,45.878],[7.117,45.859],[7.134,45.87],[7.147,45.877],[7.164,45.874],[7.172,45.865],[7.197,45.861],[7.198,45.871],[7.216,45.886],[7.246,45.892],[7.251,45.892],[7.271,45.9],[7.286,45.916],[7.301,45.918],[7.317,45.913],[7.338,45.913],[7.371,45.903],[7.384,45.897],[7.405,45.909],[7.433,45.92],[7.459,45.935],[7.471,45.934],[7.474,45.942],[7.478,45.953],[7.542,45.957],[7.543,45.97],[7.549,45.986],[7.578,45.986],[7.582,45.978],[7.591,45.971],[7.617,45.972],[7.639,45.97],[7.658,45.977],[7.68,45.958],[7.708,45.95],[7.707,45.936],[7.72,45.924],[7.735,45.924]]]},"properties":{"reg_name":"Valle d'Aosta/Vall\u00e9e d'Aoste"}},{"type":"Feature","geometry":{"type":"MultiPolygon","coordinates":[[[[8.58,45.752],[8.557,45.773],[8.567,45.809],[8.594,45.828],[8.572,45.887],[8.594,45.922],[8.712,46.007],[8.725,46.017],[8.729,46.029],[8.722,46.038],[8.716,46.059],[8.71,46.075],[8.706,46.085],[8.725,46.11],[8.757,46.104],[8.78,46.095],[8.811,46.099],[8.84,46.081],[8.844,46.049],[8.832,46.041],[8.806,46.022],[8.792,45.989],[8.795,45.992],[8.831,45.988],[8.883,45.957],[8.899,45.945],[8.893,45.933],[8.909,45.918],[8.925,45.9],[8.927,45.892],[8.934,45.87],[8.945,45.866],[8.937,45.863],[8.916,45.845],[8.925,45.834],[8.952,45.843],[8.989,45.838],[8.993,45.823],[9.021,45.821],[9.027,45.822],[9.031,45.825],[9.034,45.83],[9.036,45.838],[9.038,45.843],[9.048,45.852],[9.062,45.876],[9.088,45.901],[9.077,45.909],[9.067,45.911],[9.049,45.92],[9.039,45.927],[9.021,45.938],[9.015,45.951],[8.994,45.967],[9.005,45.98],[9.025,45.999],[9.011,46.025],[9.02,46.051],[9.073,46.063],[9.084,46.08],[9.078,46.11],[9.072,46.119],[9.101,46.128],[9.125,46.142],[9.159,46.169],[9.178,46.171],[9.196,46.187],[9.206,46.21],[9.221,46.227],[9.248,46.234],[9.256,46.269],[9.285,46.297],[9.289,46.315],[9.296,46.323],[9.293,46.332],[9.299,46.344],[9.277,46.369],[9.279,46.389],[9.281,46.399],[9.266,46.42],[9.247,46.447],[9.277,46.461],[9.279,46.492],[9.304,46.502],[9.337,46.506],[9.372,46.504],[9.368,46.494],[9.385,46.482],[9.407,46.468],[9.424,46.479],[9.443,46.499],[9.46,46.49],[9.45,46.48],[9.464,46.47],[9.457,46.463],[9.453,46.421],[9.46,46.414],[9.463,46.375],[9.497,46.363],[9.518,46.33],[9.537,46.31],[9.56,46.306],[9.586,46.295],[9.619,46.287],[9.65,46.292],[9.681,46.3],[9.715,46.301],[9.726,46.319],[9.724,46.339],[9.743,46.352],[9.764,46.339],[9.778,46.335],[9.829,46.356],[9.868,46.362],[9.906,46.381],[9.928,46.367],[9.931,46.373],[9.957,46.376],[9.964,46.363],[9.994,46.341],[9.995,46.314],[9.996,46.285],[10.048,46.268],[10.047,46.229],[10.063,46.22],[10.088,46.228],[10.098,46.228],[10.12,46.225],[10.146,46.23],[10.166,46.249],[10.174,46.264],[10.156,46.291],[10.145,46.297],[10.119,46.313],[10.121,46.358],[10.128,46.366],[10.141,46.386],[10.158,46.386],[10.162,46.403],[10.161,46.416],[10.135,46.429],[10.13,46.432],[10.079,46.423],[10.058,46.435],[10.045,46.442],[10.047,46.458],[10.048,46.475],[10.052,46.514],[10.045,46.536],[10.055,46.544],[10.073,46.559],[10.085,46.568],[10.081,46.575],[10.101,46.583],[10.102,46.611],[10.121,46.606],[10.154,46.615],[10.183,46.624],[10.212,46.618],[10.219,46.622],[10.24,46.635],[10.256,46.612],[10.244,46.578],[10.262,46.576],[10.295,46.554],[10.327,46.551],[10.341,46.543],[10.351,46.554],[10.394,46.545],[10.41,46.549],[10.432,46.542],[10.453,46.527],[10.458,46.51],[10.473,46.501],[10.476,46.496],[10.544,46.492],[10.555,46.489],[10.56,46.483],[10.594,46.47],[10.617,46.444],[10.62,46.436],[10.617,46.431],[10.616,46.428],[10.629,46.401],[10.607,46.379],[10.567,46.378],[10.543,46.357],[10.54,46.355],[10.535,46.354],[10.533,46.356],[10.519,46.355],[10.552,46.332],[10.564,46.32],[10.579,46.302],[10.563,46.288],[10.572,46.276],[10.576,46.276],[10.586,46.245],[10.575,46.237],[10.568,46.233],[10.571,46.226],[10.552,46.208],[10.546,46.186],[10.558,46.176],[10.564,46.166],[10.557,46.16],[10.551,46.125],[10.535,46.097],[10.502,46.072],[10.478,46.051],[10.486,46.029],[10.481,46.021],[10.465,46.018],[10.458,46.01],[10.457,45.996],[10.453,45.99],[10.453,45.977],[10.49,45.963],[10.487,45.959],[10.486,45.943],[10.509,45.923],[10.502,45.9],[10.49,45.885],[10.502,45.867],[10.503,45.856],[10.503,45.836],[10.502,45.831],[10.509,45.824],[10.524,45.827],[10.544,45.817],[10.533,45.809],[10.526,45.806],[10.534,45.804],[10.531,45.796],[10.561,45.784],[10.582,45.794],[10.6,45.803],[10.641,45.802],[10.668,45.832],[10.683,45.833],[10.702,45.841],[10.711,45.836],[10.726,45.842],[10.737,45.842],[10.754,45.832],[10.77,45.842],[10.777,45.843],[10.798,45.836],[10.805,45.835],[10.834,45.817],[10.815,45.804],[10.772,45.751],[10.706,45.676],[10.631,45.582],[10.64,45.484],[10.644,45.445],[10.637,45.443],[10.646,45.421],[10.654,45.416],[10.698,45.423],[10.719,45.406],[10.719,45.4],[10.699,45.376],[10.714,45.368],[10.686,45.354],[10.7,45.341],[10.715,45.328],[10.708,45.319],[10.72,45.317],[10.73,45.316],[10.73,45.3],[10.783,45.315],[10.824,45.285],[10.84,45.273],[10.874,45.252],[10.901,45.238],[10.936,45.232],[10.943,45.211],[10.976,45.2],[10.996,45.189],[10.997,45.184],[10.999,45.165],[10.993,45.153],[11.022,45.156],[11.03,45.159],[11.05,45.15],[11.044,45.135],[11.028,45.124],[11.048,45.111],[11.088,45.098],[11.097,45.109],[11.114,45.105],[11.135,45.111],[11.139,45.124],[11.165,45.117],[11.189,45.11],[11.177,45.092],[11.182,45.088],[11.183,45.079],[11.174,45.071],[11.193,45.061],[11.216,45.056],[11.249,45.045],[11.263,45.057],[11.271,45.047],[11.263,45.034],[11.273,45.023],[11.282,45.016],[11.307,45.013],[11.344,44.988],[11.395,44.972],[11.415,44.967],[11.425,44.961],[11.427,44.95],[11.374,44.958],[11.358,44.95],[11.311,44.959],[11.285,44.957],[11.271,44.939],[11.249,44.95],[11.233,44.945],[11.207,44.942],[11.17,44.938],[11.143,44.937],[11.122,44.953],[11.094,44.958],[11.062,44.952],[11.032,44.952],[10.994,44.954],[10.984,44.947],[10.963,44.934],[10.937,44.922],[10.888,44.914],[10.869,44.921],[10.867,44.928],[10.853,44.927],[10.794,44.94],[10.77,44.945],[10.743,44.953],[10.742,44.976],[10.736,44.987],[10.729,44.987],[10.727,44.992],[10.712,44.985],[10.712,44.98],[10.712,44.976],[10.711,44.973],[10.702,44.965],[10.693,44.962],[10.689,44.967],[10.693,44.969],[10.687,44.987],[10.664,44.969],[10.65,44.948],[10.625,44.926],[10.612,44.921],[10.596,44.914],[10.572,44.909],[10.562,44.909],[10.514,44.915],[10.475,44.932],[10.438,44.942],[10.43,44.952],[10.414,44.98],[10.399,44.985],[10.387,44.981],[10.368,44.967],[10.357,44.966],[10.343,44.973],[10.322,44.984],[10.309,44.99],[10.301,45.0],[10.284,44.998],[10.26,45.014],[10.253,45.019],[10.242,45.023],[10.187,45.028],[10.175,45.037],[10.161,45.044],[10.147,45.035],[10.105,45.022],[10.084,45.033],[10.065,45.043],[10.053,45.051],[10.038,45.064],[10.023,45.073],[10.025,45.083],[10.03,45.091],[10.024,45.101],[10.015,45.106],[9.999,45.124],[9.984,45.134],[9.958,45.12],[9.929,45.101],[9.915,45.1],[9.916,45.111],[9.927,45.126],[9.924,45.135],[9.914,45.139],[9.881,45.127],[9.875,45.121],[9.884,45.109],[9.897,45.099],[9.901,45.088],[9.897,45.081],[9.889,45.076],[9.878,45.076],[9.869,45.087],[9.858,45.095],[9.841,45.096],[9.832,45.09],[9.833,45.077],[9.833,45.06],[9.82,45.053],[9.816,45.06],[9.813,45.078],[9.788,45.084],[9.773,45.098],[9.755,45.113],[9.745,45.111],[9.75,45.079],[9.742,45.075],[9.731,45.065],[9.719,45.059],[9.684,45.07],[9.661,45.082],[9.643,45.08],[9.632,45.086],[9.634,45.096],[9.638,45.104],[9.64,45.115],[9.637,45.125],[9.625,45.133],[9.616,45.129],[9.613,45.113],[9.598,45.102],[9.587,45.1],[9.568,45.11],[9.555,45.129],[9.536,45.119],[9.54,45.111],[9.551,45.091],[9.541,45.082],[9.53,45.078],[9.523,45.083],[9.518,45.091],[9.501,45.104],[9.488,45.102],[9.453,45.094],[9.439,45.085],[9.426,45.083],[9.411,45.082],[9.385,45.058],[9.376,45.02],[9.371,45.014],[9.365,45.003],[9.354,45.001],[9.344,44.993],[9.342,44.983],[9.337,44.979],[9.335,44.969],[9.335,44.963],[9.315,44.937],[9.287,44.934],[9.289,44.91],[9.281,44.896],[9.293,44.89],[9.29,44.882],[9.311,44.876],[9.322,44.88],[9.326,44.873],[9.342,44.87],[9.351,44.836],[9.354,44.812],[9.323,44.799],[9.317,44.784],[9.287,44.758],[9.33,44.736],[9.325,44.723],[9.314,44.718],[9.317,44.696],[9.326,44.693],[9.31,44.688],[9.27,44.684],[9.256,44.686],[9.254,44.696],[9.236,44.716],[9.232,44.702],[9.217,44.684],[9.202,44.689],[9.203,44.722],[9.211,44.731],[9.189,44.76],[9.17,44.777],[9.165,44.802],[9.155,44.811],[9.16,44.815],[9.128,44.806],[9.107,44.808],[9.08,44.814],[9.073,44.827],[9.065,44.832],[9.05,44.848],[9.054,44.851],[9.059,44.882],[9.045,44.886],[9.008,44.903],[8.993,44.925],[8.977,44.961],[8.972,44.974],[8.951,44.988],[8.926,44.982],[8.901,45.011],[8.905,45.025],[8.899,45.05],[8.887,45.06],[8.88,45.06],[8.849,45.05],[8.842,45.05],[8.841,45.047],[8.806,45.037],[8.794,45.033],[8.798,45.021],[8.792,45.02],[8.787,45.022],[8.779,45.024],[8.775,45.008],[8.769,45.007],[8.767,45.009],[8.749,45.014],[8.752,45.015],[8.75,45.021],[8.728,45.023],[8.715,45.036],[8.711,45.038],[8.708,45.038],[8.701,45.033],[8.69,45.025],[8.667,45.022],[8.665,45.02],[8.652,45.024],[8.657,45.027],[8.65,45.036],[8.646,45.054],[8.646,45.056],[8.637,45.067],[8.637,45.082],[8.622,45.091],[8.614,45.102],[8.609,45.118],[8.588,45.136],[8.58,45.153],[8.552,45.159],[8.547,45.17],[8.544,45.18],[8.577,45.2],[8.557,45.205],[8.552,45.196],[8.528,45.195],[8.541,45.201],[8.545,45.208],[8.53,45.217],[8.523,45.223],[8.527,45.229],[8.539,45.23],[8.542,45.236],[8.53,45.238],[8.547,45.238],[8.554,45.243],[8.541,45.242],[8.523,45.255],[8.534,45.25],[8.544,45.255],[8.534,45.258],[8.536,45.263],[8.535,45.271],[8.53,45.278],[8.524,45.275],[8.513,45.278],[8.5,45.297],[8.516,45.311],[8.528,45.315],[8.538,45.318],[8.527,45.344],[8.557,45.353],[8.587,45.352],[8.614,45.353],[8.631,45.346],[8.661,45.313],[8.663,45.296],[8.687,45.294],[8.715,45.302],[8.725,45.336],[8.749,45.341],[8.763,45.35],[8.753,45.357],[8.721,45.37],[8.744,45.377],[8.765,45.388],[8.795,45.379],[8.811,45.387],[8.827,45.39],[8.83,45.414],[8.809,45.433],[8.812,45.44],[8.8,45.456],[8.791,45.48],[8.784,45.486],[8.77,45.487],[8.756,45.498],[8.741,45.498],[8.723,45.508],[8.714,45.527],[8.709,45.545],[8.707,45.558],[8.699,45.573],[8.693,45.578],[8.696,45.582],[8.701,45.586],[8.705,45.591],[8.699,45.603],[8.69,45.607],[8.687,45.616],[8.678,45.622],[8.663,45.623],[8.661,45.635],[8.66,45.642],[8.671,45.641],[8.679,45.634],[8.688,45.642],[8.674,45.657],[8.671,45.665],[8.682,45.669],[8.678,45.678],[8.671,45.676],[8.664,45.675],[8.643,45.676],[8.64,45.684],[8.647,45.694],[8.653,45.714],[8.641,45.723],[8.615,45.725],[8.591,45.733],[8.584,45.748],[8.58,45.752]],[[8.698,45.845],[8.664,45.821],[8.67,45.815],[8.686,45.812],[8.706,45.831],[8.703,45.835],[8.698,45.845]],[[9.29,44.701],[9.291,44.701],[9.303,44.703],[9.3,44.705],[9.298,44.705],[9.291,44.704],[9.29,44.701]],[[9.299,44.692],[9.305,44.694],[9.299,44.693],[9.299,44.692]]],[[[8.974,45.984],[8.976,45.977],[8.975,45.962],[8.967,45.984],[8.974,45.984]]],[[[8.705,45.024],[8.705,45.024]]],[[[8.816,45.022],[8.816,45.022]]]]},"properties":{"reg_name":"Lombardia"}},{"type":"Feature","geometry":{"type":"Polygon","coordinates":[[[12.014,46.551],[12.0,46.535],[11.964,46.544],[11.948,46.536],[11.928,46.529],[11.912,46.533],[11.853,46.518],[11.814,46.496],[11.816,46.477],[11.852,46.475],[11.879,46.471],[11.889,46.444],[11.863,46.433],[11.85,46.434],[11.838,46.415],[11.841,46.407],[11.833,46.377],[11.831,46.367],[11.817,46.376],[11.815,46.372],[11.815,46.368],[11.8,46.365],[11.798,46.367],[11.793,46.368],[11.777,46.36],[11.802,46.343],[11.824,46.328],[11.832,46.317],[11.83,46.294],[11.857,46.271],[11.88,46.278],[11.887,46.277],[11.887,46.264],[11.885,46.262],[11.891,46.253],[11.914,46.252],[11.928,46.249],[11.918,46.238],[11.925,46.217],[11.934,46.202],[11.963,46.191],[11.958,46.184],[11.95,46.178],[11.949,46.17],[11.931,46.176],[11.924,46.164],[11.922,46.15],[11.892,46.12],[11.85,46.113],[11.817,46.107],[11.815,46.103],[11.78,46.103],[11.773,46.106],[11.751,46.105],[11.71,46.098],[11.692,46.095],[11.685,46.094],[11.686,46.066],[11.704,46.055],[11.704,46.045],[11.685,46.044],[11.667,46.038],[11.673,46.029],[11.681,46.028],[11.681,46.026],[11.667,46.017],[11.685,45.995],[11.686,45.972],[11.68,45.968],[11.628,45.961],[11.592,45.969],[11.572,46.007],[11.545,46.012],[11.491,46.009],[11.468,45.998],[11.394,45.981],[11.374,45.984],[11.376,45.961],[11.37,45.942],[11.358,45.944],[11.354,45.924],[11.347,45.918],[11.35,45.911],[11.318,45.921],[11.304,45.918],[11.274,45.92],[11.271,45.917],[11.256,45.902],[11.253,45.893],[11.254,45.884],[11.246,45.886],[11.241,45.876],[11.221,45.848],[11.218,45.835],[11.198,45.821],[11.188,45.812],[11.195,45.791],[11.177,45.788],[11.175,45.783],[11.18,45.762],[11.177,45.745],[11.152,45.718],[11.143,45.712],[11.136,45.701],[11.133,45.694],[11.123,45.69],[11.121,45.696],[11.103,45.696],[11.065,45.708],[11.058,45.718],[11.041,45.706],[11.017,45.706],[11.017,45.719],[11.012,45.715],[10.998,45.703],[10.968,45.68],[10.975,45.696],[10.966,45.693],[10.946,45.676],[10.934,45.676],[10.889,45.715],[10.858,45.718],[10.855,45.742],[10.865,45.76],[10.882,45.772],[10.885,45.778],[10.877,45.803],[10.888,45.812],[10.87,45.822],[10.825,45.838],[10.798,45.836],[10.782,45.838],[10.771,45.843],[10.756,45.83],[10.737,45.842],[10.732,45.843],[10.717,45.837],[10.702,45.841],[10.69,45.836],[10.67,45.832],[10.644,45.803],[10.601,45.803],[10.582,45.794],[10.561,45.784],[10.533,45.788],[10.535,45.802],[10.528,45.804],[10.532,45.809],[10.544,45.816],[10.529,45.827],[10.511,45.824],[10.502,45.83],[10.503,45.835],[10.503,45.856],[10.502,45.867],[10.49,45.885],[10.501,45.9],[10.51,45.917],[10.491,45.942],[10.484,45.955],[10.49,45.962],[10.468,45.972],[10.453,45.99],[10.455,45.993],[10.457,46.009],[10.465,46.017],[10.481,46.021],[10.486,46.029],[10.478,46.051],[10.502,46.072],[10.525,46.09],[10.551,46.125],[10.557,46.16],[10.564,46.165],[10.565,46.168],[10.549,46.184],[10.551,46.207],[10.571,46.224],[10.568,46.232],[10.575,46.237],[10.581,46.24],[10.576,46.275],[10.572,46.277],[10.56,46.284],[10.579,46.301],[10.564,46.315],[10.566,46.326],[10.516,46.346],[10.533,46.356],[10.534,46.354],[10.539,46.355],[10.543,46.356],[10.562,46.376],[10.607,46.379],[10.626,46.399],[10.616,46.428],[10.617,46.43],[10.62,46.436],[10.617,46.444],[10.6,46.469],[10.56,46.483],[10.556,46.488],[10.547,46.493],[10.476,46.496],[10.474,46.5],[10.459,46.51],[10.453,46.526],[10.462,46.541],[10.477,46.556],[10.475,46.561],[10.479,46.573],[10.484,46.605],[10.491,46.611],[10.492,46.615],[10.484,46.618],[10.455,46.637],[10.409,46.635],[10.402,46.637],[10.402,46.641],[10.4,46.647],[10.387,46.687],[10.412,46.706],[10.418,46.718],[10.402,46.734],[10.434,46.752],[10.441,46.752],[10.443,46.755],[10.442,46.771],[10.428,46.785],[10.431,46.797],[10.448,46.801],[10.459,46.824],[10.478,46.859],[10.482,46.858],[10.527,46.847],[10.553,46.85],[10.551,46.841],[10.591,46.853],[10.624,46.864],[10.664,46.875],[10.673,46.87],[10.688,46.868],[10.693,46.853],[10.722,46.838],[10.744,46.833],[10.753,46.833],[10.764,46.822],[10.739,46.801],[10.756,46.785],[10.782,46.794],[10.797,46.791],[10.814,46.775],[10.83,46.776],[10.832,46.78],[10.842,46.78],[10.861,46.773],[10.868,46.769],[10.884,46.763],[10.906,46.768],[10.917,46.775],[10.925,46.774],[10.942,46.775],[10.977,46.771],[11.0,46.768],[11.012,46.772],[11.026,46.773],[11.08,46.82],[11.078,46.834],[11.072,46.857],[11.079,46.86],[11.087,46.875],[11.097,46.884],[11.095,46.907],[11.105,46.916],[11.111,46.923],[11.116,46.931],[11.14,46.928],[11.168,46.945],[11.167,46.965],[11.183,46.966],[11.203,46.968],[11.207,46.963],[11.24,46.97],[11.264,46.98],[11.314,46.989],[11.32,46.992],[11.358,46.99],[11.381,46.974],[11.424,46.969],[11.443,46.977],[11.445,46.983],[11.455,46.993],[11.47,46.995],[11.469,46.999],[11.477,47.01],[11.48,47.011],[11.499,47.01],[11.55,46.989],[11.571,46.993],[11.581,47.0],[11.627,47.013],[11.631,47.007],[11.668,46.993],[11.728,46.973],[11.767,46.978],[11.785,46.992],[11.809,46.99],[11.836,46.993],[11.916,47.033],[11.934,47.038],[11.969,47.041],[11.976,47.049],[12.013,47.047],[12.031,47.05],[12.033,47.054],[12.05,47.062],[12.082,47.069],[12.102,47.078],[12.136,47.08],[12.175,47.087],[12.193,47.09],[12.214,47.086],[12.227,47.082],[12.23,47.077],[12.24,47.07],[12.239,47.067],[12.216,47.055],[12.216,47.045],[12.199,47.027],[12.17,47.022],[12.126,47.012],[12.136,46.97],[12.145,46.954],[12.168,46.938],[12.166,46.932],[12.144,46.914],[12.171,46.909],[12.198,46.892],[12.218,46.874],[12.223,46.88],[12.232,46.88],[12.236,46.885],[12.237,46.889],[12.248,46.889],[12.277,46.877],[12.281,46.869],[12.292,46.865],[12.303,46.843],[12.307,46.841],[12.283,46.815],[12.292,46.802],[12.284,46.783],[12.306,46.783],[12.31,46.785],[12.327,46.781],[12.357,46.775],[12.36,46.765],[12.369,46.741],[12.414,46.701],[12.439,46.69],[12.474,46.687],[12.477,46.68],[12.436,46.669],[12.405,46.643],[12.38,46.643],[12.39,46.627],[12.362,46.619],[12.332,46.629],[12.315,46.625],[12.293,46.618],[12.269,46.622],[12.245,46.624],[12.214,46.61],[12.195,46.595],[12.192,46.597],[12.183,46.621],[12.177,46.627],[12.173,46.633],[12.127,46.645],[12.109,46.656],[12.108,46.658],[12.08,46.67],[12.078,46.672],[12.067,46.653],[12.069,46.638],[12.061,46.62],[12.049,46.6],[12.044,46.582],[12.029,46.568],[12.014,46.551]]]},"properties":{"reg_name":"Trentino-Alto Adige/S\u00fcdtirol"}},{"type":"Feature","geometry":{"type":"Polygon","coordinates":[[[10.635,45.535],[10.689,45.662],[10.735,45.71],[10.808,45.797],[10.827,45.811],[10.856,45.827],[10.887,45.813],[10.88,45.806],[10.883,45.78],[10.883,45.772],[10.867,45.764],[10.856,45.742],[10.855,45.718],[10.883,45.717],[10.918,45.684],[10.944,45.674],[10.965,45.692],[10.975,45.696],[10.969,45.687],[10.998,45.701],[11.011,45.714],[11.017,45.719],[11.015,45.711],[11.027,45.705],[11.057,45.718],[11.06,45.714],[11.102,45.696],[11.114,45.697],[11.123,45.69],[11.124,45.69],[11.136,45.7],[11.142,45.712],[11.146,45.717],[11.175,45.733],[11.179,45.761],[11.178,45.777],[11.176,45.788],[11.203,45.783],[11.19,45.804],[11.192,45.817],[11.219,45.833],[11.22,45.847],[11.239,45.856],[11.235,45.88],[11.253,45.884],[11.255,45.891],[11.252,45.901],[11.27,45.917],[11.271,45.919],[11.301,45.918],[11.314,45.926],[11.347,45.909],[11.349,45.916],[11.348,45.922],[11.361,45.935],[11.367,45.942],[11.378,45.956],[11.374,45.984],[11.393,45.981],[11.462,45.991],[11.489,46.007],[11.538,46.013],[11.568,46.006],[11.587,45.973],[11.621,45.972],[11.676,45.966],[11.686,45.97],[11.686,45.995],[11.673,46.013],[11.672,46.02],[11.682,46.028],[11.676,46.029],[11.667,46.038],[11.683,46.044],[11.702,46.045],[11.706,46.046],[11.688,46.064],[11.683,46.091],[11.689,46.095],[11.706,46.093],[11.72,46.103],[11.773,46.106],[11.778,46.103],[11.814,46.102],[11.816,46.106],[11.827,46.107],[11.88,46.118],[11.913,46.143],[11.918,46.155],[11.93,46.171],[11.942,46.172],[11.951,46.176],[11.953,46.183],[11.963,46.19],[11.94,46.199],[11.926,46.215],[11.91,46.224],[11.926,46.245],[11.921,46.248],[11.894,46.251],[11.885,46.261],[11.887,46.264],[11.888,46.274],[11.883,46.279],[11.865,46.272],[11.827,46.284],[11.832,46.313],[11.828,46.327],[11.802,46.338],[11.779,46.352],[11.792,46.368],[11.796,46.367],[11.8,46.365],[11.814,46.368],[11.815,46.371],[11.816,46.375],[11.82,46.377],[11.835,46.368],[11.837,46.402],[11.839,46.415],[11.848,46.429],[11.862,46.433],[11.889,46.442],[11.881,46.468],[11.874,46.473],[11.817,46.477],[11.81,46.485],[11.848,46.517],[11.901,46.529],[11.924,46.53],[11.946,46.53],[11.951,46.54],[11.999,46.533],[12.013,46.55],[12.037,46.579],[12.047,46.586],[12.053,46.618],[12.065,46.625],[12.073,46.642],[12.07,46.675],[12.079,46.67],[12.091,46.665],[12.109,46.657],[12.111,46.653],[12.157,46.636],[12.176,46.629],[12.18,46.624],[12.195,46.611],[12.192,46.595],[12.21,46.605],[12.232,46.614],[12.267,46.626],[12.284,46.618],[12.307,46.62],[12.318,46.63],[12.344,46.628],[12.388,46.624],[12.378,46.638],[12.386,46.643],[12.427,46.662],[12.459,46.674],[12.481,46.677],[12.5,46.678],[12.505,46.68],[12.527,46.674],[12.559,46.654],[12.577,46.655],[12.621,46.661],[12.632,46.658],[12.644,46.652],[12.664,46.657],[12.693,46.654],[12.709,46.649],[12.725,46.63],[12.706,46.621],[12.709,46.602],[12.688,46.6],[12.665,46.582],[12.644,46.576],[12.62,46.544],[12.632,46.509],[12.652,46.485],[12.656,46.465],[12.621,46.475],[12.605,46.465],[12.576,46.473],[12.531,46.465],[12.528,46.453],[12.499,46.434],[12.493,46.424],[12.489,46.409],[12.455,46.392],[12.461,46.38],[12.427,46.352],[12.411,46.331],[12.382,46.331],[12.375,46.33],[12.351,46.294],[12.323,46.273],[12.328,46.254],[12.339,46.24],[12.352,46.236],[12.366,46.229],[12.384,46.226],[12.409,46.221],[12.403,46.216],[12.429,46.209],[12.442,46.198],[12.448,46.182],[12.478,46.162],[12.495,46.149],[12.498,46.136],[12.493,46.127],[12.494,46.121],[12.484,46.104],[12.442,46.084],[12.422,46.066],[12.405,46.045],[12.4,46.042],[12.407,46.035],[12.416,46.022],[12.424,45.999],[12.428,45.988],[12.426,45.947],[12.435,45.945],[12.456,45.944],[12.485,45.925],[12.5,45.925],[12.507,45.922],[12.506,45.917],[12.523,45.903],[12.508,45.898],[12.536,45.871],[12.533,45.868],[12.559,45.847],[12.55,45.839],[12.562,45.826],[12.565,45.832],[12.573,45.824],[12.593,45.815],[12.595,45.818],[12.597,45.822],[12.608,45.835],[12.624,45.829],[12.631,45.83],[12.652,45.805],[12.662,45.793],[12.675,45.793],[12.689,45.803],[12.708,45.818],[12.719,45.828],[12.743,45.827],[12.755,45.836],[12.766,45.848],[12.797,45.846],[12.799,45.833],[12.809,45.82],[12.823,45.836],[12.837,45.841],[12.877,45.843],[12.9,45.823],[12.924,45.826],[12.952,45.828],[12.962,45.846],[12.967,45.836],[12.974,45.824],[12.978,45.827],[12.985,45.819],[12.993,45.813],[12.985,45.811],[12.979,45.815],[12.982,45.796],[12.988,45.801],[12.992,45.798],[12.999,45.769],[13.011,45.764],[13.007,45.761],[13.011,45.744],[13.015,45.735],[13.008,45.726],[13.014,45.724],[13.016,45.729],[13.027,45.737],[13.038,45.714],[13.045,45.694],[13.05,45.697],[13.052,45.691],[13.045,45.688],[13.054,45.678],[13.062,45.679],[13.063,45.665],[13.062,45.659],[13.065,45.656],[13.07,45.658],[13.078,45.659],[13.084,45.658],[13.087,45.651],[13.099,45.638],[13.032,45.631],[12.978,45.625],[12.918,45.613],[12.913,45.615],[12.892,45.603],[12.884,45.597],[12.856,45.585],[12.799,45.562],[12.788,45.557],[12.737,45.532],[12.686,45.517],[12.629,45.498],[12.584,45.48],[12.55,45.47],[12.488,45.451],[12.465,45.444],[12.44,45.43],[12.426,45.418],[12.4,45.43],[12.366,45.402],[12.339,45.365],[12.329,45.347],[12.339,45.335],[12.326,45.332],[12.316,45.314],[12.3,45.25],[12.296,45.244],[12.314,45.233],[12.299,45.222],[12.301,45.208],[12.318,45.183],[12.335,45.164],[12.33,45.153],[12.327,45.139],[12.327,45.124],[12.342,45.088],[12.357,45.076],[12.41,45.037],[12.46,45.005],[12.507,44.991],[12.508,44.991],[12.515,44.99],[12.547,44.975],[12.554,44.965],[12.538,44.953],[12.516,44.934],[12.465,44.844],[12.432,44.831],[12.422,44.812],[12.394,44.794],[12.374,44.805],[12.355,44.815],[12.344,44.842],[12.336,44.852],[12.304,44.855],[12.286,44.872],[12.285,44.899],[12.289,44.919],[12.294,44.929],[12.274,44.943],[12.236,44.933],[12.227,44.923],[12.214,44.926],[12.2,44.926],[12.183,44.929],[12.174,44.941],[12.16,44.938],[12.142,44.928],[12.117,44.956],[12.1,44.966],[12.057,44.971],[12.047,44.977],[12.002,44.981],[11.963,44.987],[11.942,44.979],[11.925,44.975],[11.904,44.977],[11.883,44.975],[11.837,44.973],[11.816,44.977],[11.799,44.975],[11.784,44.964],[11.756,44.959],[11.749,44.958],[11.74,44.95],[11.744,44.934],[11.73,44.926],[11.716,44.926],[11.698,44.92],[11.678,44.916],[11.665,44.911],[11.621,44.888],[11.595,44.89],[11.589,44.898],[11.588,44.905],[11.585,44.912],[11.57,44.919],[11.558,44.922],[11.52,44.937],[11.49,44.937],[11.46,44.935],[11.426,44.93],[11.425,44.944],[11.428,44.955],[11.422,44.964],[11.409,44.97],[11.384,44.975],[11.322,45.0],[11.302,45.014],[11.274,45.018],[11.271,45.027],[11.269,45.043],[11.269,45.052],[11.257,45.054],[11.243,45.043],[11.21,45.058],[11.179,45.061],[11.175,45.074],[11.188,45.084],[11.179,45.088],[11.178,45.097],[11.181,45.113],[11.159,45.119],[11.134,45.114],[11.132,45.105],[11.103,45.113],[11.094,45.1],[11.079,45.099],[11.043,45.112],[11.029,45.128],[11.042,45.144],[11.046,45.153],[11.028,45.159],[11.012,45.15],[10.995,45.153],[10.998,45.168],[10.998,45.185],[10.984,45.2],[10.958,45.206],[10.936,45.214],[10.918,45.235],[10.897,45.247],[10.84,45.266],[10.834,45.276],[10.816,45.291],[10.728,45.291],[10.732,45.303],[10.725,45.318],[10.711,45.316],[10.711,45.321],[10.715,45.333],[10.699,45.34],[10.692,45.354],[10.71,45.369],[10.708,45.385],[10.718,45.402],[10.716,45.417],[10.698,45.421],[10.644,45.418],[10.651,45.427],[10.627,45.438],[10.646,45.453],[10.638,45.511],[10.635,45.535]]]},"properties":{"reg_name":"Veneto"}},{"type":"Feature","geometry":{"type":"MultiPolygon","coordinates":[[[[13.517,46.383],[13.483,46.369],[13.468,46.361],[13.448,46.363],[13.447,46.336],[13.426,46.323],[13.405,46.304],[13.379,46.289],[13.392,46.277],[13.41,46.24],[13.413,46.218],[13.413,46.212],[13.448,46.217],[13.46,46.225],[13.481,46.225],[13.497,46.218],[13.503,46.216],[13.522,46.218],[13.553,46.209],[13.573,46.184],[13.589,46.191],[13.613,46.185],[13.638,46.189],[13.664,46.172],[13.654,46.162],[13.644,46.137],[13.625,46.126],[13.596,46.104],[13.577,46.094],[13.546,46.083],[13.533,46.07],[13.503,46.063],[13.497,46.052],[13.507,46.033],[13.488,46.014],[13.485,46.0],[13.502,45.98],[13.527,45.968],[13.545,45.965],[13.562,45.97],[13.576,45.98],[13.592,45.99],[13.615,45.984],[13.643,45.983],[13.633,45.949],[13.638,45.938],[13.619,45.917],[13.608,45.899],[13.595,45.89],[13.594,45.887],[13.587,45.871],[13.577,45.853],[13.58,45.84],[13.596,45.812],[13.656,45.8],[13.68,45.793],[13.699,45.781],[13.728,45.767],[13.734,45.761],[13.766,45.751],[13.789,45.746],[13.804,45.731],[13.826,45.715],[13.836,45.698],[13.832,45.692],[13.853,45.672],[13.871,45.657],[13.901,45.643],[13.91,45.627],[13.869,45.609],[13.864,45.596],[13.85,45.589],[13.822,45.582],[13.774,45.587],[13.723,45.595],[13.732,45.609],[13.786,45.6],[13.806,45.607],[13.78,45.612],[13.777,45.614],[13.784,45.614],[13.779,45.617],[13.776,45.636],[13.766,45.632],[13.759,45.632],[13.756,45.636],[13.751,45.637],[13.75,45.64],[13.744,45.641],[13.756,45.649],[13.76,45.646],[13.769,45.654],[13.758,45.668],[13.756,45.673],[13.743,45.689],[13.733,45.696],[13.722,45.701],[13.715,45.702],[13.712,45.703],[13.713,45.706],[13.712,45.71],[13.677,45.737],[13.66,45.747],[13.643,45.757],[13.614,45.771],[13.591,45.776],[13.58,45.775],[13.58,45.775],[13.58,45.775],[13.579,45.775],[13.548,45.794],[13.541,45.801],[13.533,45.804],[13.536,45.803],[13.539,45.802],[13.546,45.789],[13.542,45.793],[13.536,45.784],[13.54,45.783],[13.542,45.786],[13.537,45.78],[13.528,45.772],[13.521,45.762],[13.526,45.748],[13.517,45.745],[13.517,45.744],[13.527,45.737],[13.555,45.728],[13.542,45.724],[13.508,45.713],[13.473,45.704],[13.467,45.709],[13.462,45.708],[13.454,45.69],[13.424,45.677],[13.368,45.683],[13.359,45.682],[13.358,45.681],[13.353,45.679],[13.349,45.679],[13.343,45.681],[13.304,45.696],[13.301,45.698],[13.269,45.707],[13.241,45.717],[13.178,45.706],[13.149,45.699],[13.153,45.696],[13.139,45.683],[13.111,45.665],[13.102,45.649],[13.085,45.656],[13.083,45.658],[13.076,45.659],[13.068,45.657],[13.064,45.656],[13.062,45.66],[13.063,45.666],[13.06,45.68],[13.045,45.684],[13.048,45.687],[13.053,45.694],[13.048,45.696],[13.037,45.699],[13.029,45.735],[13.025,45.736],[13.016,45.727],[13.012,45.724],[13.008,45.729],[13.016,45.736],[13.007,45.745],[13.01,45.761],[13.008,45.766],[12.981,45.787],[12.991,45.8],[12.987,45.799],[12.981,45.796],[12.981,45.815],[12.987,45.809],[12.993,45.815],[12.984,45.819],[12.977,45.825],[12.973,45.825],[12.966,45.841],[12.958,45.847],[12.942,45.82],[12.921,45.83],[12.893,45.82],[12.876,45.848],[12.829,45.835],[12.819,45.829],[12.802,45.823],[12.799,45.833],[12.782,45.854],[12.769,45.845],[12.751,45.832],[12.742,45.827],[12.719,45.827],[12.707,45.817],[12.683,45.8],[12.674,45.792],[12.662,45.794],[12.654,45.809],[12.627,45.83],[12.623,45.828],[12.606,45.837],[12.596,45.822],[12.596,45.817],[12.588,45.815],[12.569,45.827],[12.564,45.832],[12.561,45.826],[12.553,45.84],[12.55,45.861],[12.535,45.868],[12.53,45.884],[12.511,45.899],[12.516,45.904],[12.507,45.919],[12.505,45.923],[12.496,45.925],[12.479,45.927],[12.454,45.947],[12.433,45.945],[12.422,45.956],[12.428,45.996],[12.422,46.004],[12.415,46.028],[12.404,46.037],[12.401,46.042],[12.41,46.059],[12.426,46.071],[12.448,46.086],[12.489,46.114],[12.494,46.122],[12.494,46.128],[12.499,46.138],[12.495,46.15],[12.466,46.165],[12.447,46.188],[12.442,46.199],[12.427,46.209],[12.405,46.218],[12.408,46.223],[12.377,46.223],[12.364,46.229],[12.346,46.239],[12.338,46.239],[12.325,46.254],[12.324,46.276],[12.355,46.309],[12.376,46.331],[12.384,46.329],[12.421,46.343],[12.441,46.359],[12.458,46.384],[12.464,46.388],[12.494,46.411],[12.492,46.424],[12.503,46.439],[12.527,46.457],[12.542,46.459],[12.58,46.474],[12.607,46.464],[12.637,46.474],[12.662,46.468],[12.644,46.49],[12.63,46.515],[12.624,46.551],[12.646,46.575],[12.675,46.585],[12.69,46.601],[12.707,46.611],[12.709,46.624],[12.732,46.634],[12.76,46.648],[12.796,46.642],[12.821,46.629],[12.834,46.622],[12.847,46.606],[12.888,46.607],[12.937,46.607],[12.954,46.605],[12.993,46.601],[13.023,46.601],[13.066,46.599],[13.097,46.597],[13.121,46.592],[13.169,46.586],[13.208,46.57],[13.232,46.559],[13.273,46.561],[13.312,46.553],[13.345,46.57],[13.372,46.578],[13.392,46.576],[13.41,46.561],[13.499,46.566],[13.515,46.548],[13.568,46.547],[13.57,46.539],[13.586,46.544],[13.631,46.539],[13.71,46.521],[13.715,46.506],[13.703,46.499],[13.709,46.48],[13.699,46.456],[13.654,46.443],[13.599,46.438],[13.577,46.414],[13.564,46.399],[13.536,46.386],[13.517,46.383]]],[[[13.536,45.784],[13.536,45.784],[13.536,45.784]]],[[[13.775,45.611],[13.775,45.611],[13.775,45.611],[13.775,45.611],[13.775,45.611]]],[[[13.775,45.611],[13.776,45.611],[13.775,45.611]]],[[[13.777,45.611],[13.776,45.611],[13.777,45.611]]],[[[13.777,45.611],[13.777,45.611],[13.777,45.611]]],[[[13.777,45.611],[13.777,45.611],[13.777,45.611]]],[[[13.777,45.611],[13.777,45.611],[13.777,45.611]]],[[[13.778,45.611],[13.778,45.611],[13.778,45.611]]],[[[13.777,45.611],[13.777,45.611],[13.777,45.611]]],[[[13.778,45.611],[13.778,45.611],[13.778,45.611]]],[[[13.772,45.612],[13.771,45.612],[13.772,45.612]]],[[[13.78,45.612],[13.78,45.612],[13.78,45.612]]],[[[13.773,45.612],[13.773,45.612]]],[[[13.772,45.612],[13.773,45.612],[13.773,45.612],[13.772,45.612]]],[[[13.78,45.612],[13.781,45.612],[13.78,45.612]]],[[[13.773,45.612],[13.773,45.612],[13.773,45.612]]],[[[13.773,45.613],[13.774,45.612],[13.773,45.613]]],[[[13.773,45.613],[13.773,45.613],[13.773,45.613]]],[[[13.774,45.613],[13.774,45.613],[13.774,45.613]]],[[[13.773,45.613],[13.773,45.613],[13.773,45.613]]],[[[13.774,45.613],[13.774,45.613],[13.774,45.613]]],[[[13.78,45.613],[13.78,45.612],[13.78,45.613]]],[[[13.775,45.613],[13.775,45.613],[13.775,45.613]]],[[[13.774,45.613],[13.774,45.613],[13.774,45.613]]],[[[13.774,45.613],[13.774,45.613],[13.774,45.613]]],[[[13.777,45.614],[13.777,45.613],[13.777,45.614]]],[[[13.783,45.613],[13.783,45.614],[13.783,45.613],[13.783,45.613]]],[[[13.777,45.614],[13.777,45.614],[13.777,45.614]]],[[[13.739,45.617],[13.735,45.631],[13.736,45.631],[13.739,45.617]]],[[[13.738,45.633],[13.737,45.637],[13.738,45.633]]],[[[13.739,45.639],[13.738,45.643],[13.739,45.639]]],[[[13.761,45.648],[13.76,45.649],[13.761,45.648]]],[[[13.761,45.648],[13.761,45.649],[13.762,45.648],[13.761,45.648]]],[[[13.762,45.657],[13.761,45.658],[13.758,45.663],[13.757,45.664],[13.758,45.663],[13.762,45.657]]],[[[13.723,45.7],[13.723,45.7],[13.722,45.7],[13.722,45.7],[13.723,45.7]]],[[[13.72,45.701],[13.72,45.701],[13.72,45.701],[13.72,45.701]]],[[[13.711,45.711],[13.711,45.711]]],[[[13.706,45.714],[13.706,45.714],[13.706,45.714]]],[[[13.696,45.721],[13.696,45.721]]],[[[13.672,45.739],[13.672,45.739],[13.672,45.739]]]]},"properties":{"reg_name":"Friuli-Venezia Giulia"}},{"type":"Feature","geometry":{"type":"MultiPolygon","coordinates":[[[[7.552,43.894],[7.567,43.943],[7.577,43.95],[7.583,43.952],[7.608,43.956],[7.642,43.973],[7.648,43.974],[7.656,43.977],[7.669,43.999],[7.666,44.031],[7.703,44.049],[7.726,44.06],[7.731,44.068],[7.754,44.083],[7.758,44.085],[7.742,44.084],[7.726,44.092],[7.723,44.121],[7.728,44.127],[7.737,44.128],[7.75,44.136],[7.766,44.14],[7.815,44.123],[7.851,44.119],[7.89,44.106],[7.921,44.109],[7.935,44.101],[7.953,44.103],[7.962,44.106],[8.003,44.103],[8.013,44.106],[8.006,44.117],[8.007,44.126],[7.991,44.128],[7.982,44.134],[7.985,44.143],[8.013,44.156],[8.039,44.147],[8.053,44.143],[8.073,44.149],[8.073,44.157],[8.091,44.173],[8.095,44.182],[8.086,44.203],[8.066,44.223],[8.081,44.24],[8.066,44.256],[8.08,44.261],[8.088,44.269],[8.091,44.275],[8.082,44.28],[8.073,44.289],[8.079,44.313],[8.085,44.307],[8.105,44.311],[8.107,44.323],[8.107,44.333],[8.136,44.338],[8.148,44.353],[8.141,44.368],[8.166,44.389],[8.203,44.405],[8.214,44.424],[8.21,44.456],[8.196,44.464],[8.197,44.478],[8.216,44.496],[8.227,44.516],[8.251,44.527],[8.271,44.508],[8.292,44.503],[8.322,44.488],[8.332,44.489],[8.357,44.47],[8.375,44.474],[8.391,44.483],[8.398,44.491],[8.419,44.513],[8.444,44.5],[8.463,44.519],[8.475,44.517],[8.475,44.511],[8.514,44.51],[8.544,44.511],[8.55,44.504],[8.572,44.516],[8.583,44.523],[8.593,44.535],[8.607,44.538],[8.612,44.543],[8.6,44.554],[8.606,44.57],[8.613,44.568],[8.619,44.582],[8.624,44.586],[8.669,44.582],[8.696,44.58],[8.704,44.581],[8.72,44.58],[8.739,44.559],[8.75,44.548],[8.75,44.526],[8.759,44.53],[8.768,44.515],[8.773,44.507],[8.771,44.498],[8.768,44.49],[8.789,44.496],[8.795,44.519],[8.808,44.535],[8.824,44.539],[8.828,44.546],[8.822,44.551],[8.863,44.561],[8.869,44.566],[8.889,44.551],[8.901,44.555],[8.917,44.561],[8.911,44.581],[8.91,44.612],[8.903,44.622],[8.888,44.631],[8.892,44.641],[8.936,44.676],[8.952,44.675],[8.964,44.674],[8.97,44.664],[8.991,44.662],[8.998,44.666],[9.012,44.667],[9.023,44.658],[9.025,44.651],[9.033,44.647],[9.045,44.625],[9.047,44.614],[9.082,44.62],[9.104,44.607],[9.102,44.594],[9.108,44.587],[9.135,44.574],[9.151,44.574],[9.169,44.584],[9.19,44.592],[9.205,44.599],[9.203,44.613],[9.245,44.62],[9.256,44.611],[9.248,44.603],[9.272,44.596],[9.285,44.598],[9.29,44.608],[9.3,44.608],[9.309,44.596],[9.342,44.578],[9.347,44.58],[9.356,44.584],[9.372,44.581],[9.385,44.584],[9.394,44.588],[9.406,44.601],[9.42,44.587],[9.434,44.57],[9.464,44.566],[9.493,44.556],[9.49,44.543],[9.505,44.529],[9.495,44.499],[9.491,44.481],[9.478,44.481],[9.469,44.479],[9.46,44.456],[9.452,44.44],[9.439,44.429],[9.468,44.425],[9.477,44.41],[9.483,44.416],[9.51,44.426],[9.538,44.426],[9.552,44.429],[9.573,44.435],[9.595,44.434],[9.603,44.436],[9.61,44.428],[9.645,44.412],[9.663,44.401],[9.673,44.367],[9.717,44.355],[9.727,44.332],[9.758,44.318],[9.764,44.307],[9.803,44.285],[9.836,44.277],[9.852,44.271],[9.855,44.264],[9.86,44.24],[9.857,44.234],[9.865,44.228],[9.867,44.211],[9.874,44.195],[9.895,44.209],[9.908,44.208],[9.92,44.2],[9.922,44.19],[9.893,44.167],[9.927,44.167],[9.945,44.168],[9.955,44.165],[9.966,44.169],[9.976,44.153],[9.99,44.121],[9.995,44.118],[9.985,44.102],[9.985,44.098],[10.002,44.108],[10.023,44.12],[10.053,44.11],[10.071,44.094],[10.044,44.071],[10.016,44.046],[9.999,44.051],[9.978,44.036],[9.955,44.042],[9.937,44.055],[9.925,44.061],[9.92,44.067],[9.907,44.081],[9.892,44.082],[9.875,44.088],[9.855,44.106],[9.852,44.11],[9.835,44.109],[9.825,44.1],[9.817,44.097],[9.816,44.096],[9.83,44.076],[9.821,44.059],[9.782,44.073],[9.761,44.084],[9.758,44.09],[9.74,44.092],[9.717,44.118],[9.676,44.139],[9.657,44.146],[9.644,44.144],[9.609,44.157],[9.607,44.171],[9.591,44.173],[9.569,44.188],[9.553,44.203],[9.499,44.227],[9.497,44.233],[9.484,44.24],[9.48,44.241],[9.477,44.237],[9.439,44.243],[9.43,44.255],[9.418,44.26],[9.403,44.255],[9.39,44.281],[9.374,44.292],[9.333,44.309],[9.343,44.303],[9.322,44.311],[9.31,44.32],[9.267,44.336],[9.257,44.337],[9.239,44.345],[9.23,44.348],[9.226,44.336],[9.217,44.336],[9.214,44.334],[9.212,44.311],[9.218,44.299],[9.182,44.309],[9.156,44.316],[9.153,44.331],[9.155,44.348],[9.152,44.35],[9.127,44.362],[9.07,44.378],[9.065,44.378],[9.058,44.381],[8.998,44.387],[8.986,44.392],[8.979,44.39],[8.944,44.395],[8.928,44.41],[8.918,44.414],[8.912,44.405],[8.903,44.401],[8.88,44.405],[8.824,44.415],[8.84,44.415],[8.836,44.424],[8.816,44.425],[8.794,44.423],[8.797,44.418],[8.762,44.426],[8.748,44.427],[8.741,44.427],[8.69,44.407],[8.68,44.393],[8.651,44.39],[8.632,44.38],[8.628,44.375],[8.58,44.359],[8.567,44.355],[8.567,44.351],[8.571,44.353],[8.551,44.344],[8.49,44.315],[8.485,44.308],[8.485,44.309],[8.501,44.316],[8.475,44.3],[8.465,44.296],[8.451,44.288],[8.443,44.278],[8.44,44.274],[8.456,44.26],[8.443,44.237],[8.424,44.23],[8.416,44.221],[8.417,44.202],[8.418,44.2],[8.423,44.199],[8.42,44.192],[8.408,44.186],[8.388,44.181],[8.371,44.178],[8.343,44.168],[8.303,44.156],[8.273,44.142],[8.25,44.117],[8.227,44.08],[8.225,44.062],[8.226,44.044],[8.205,44.032],[8.181,44.013],[8.174,44.006],[8.164,43.994],[8.161,43.987],[8.16,43.974],[8.173,43.959],[8.174,43.955],[8.162,43.952],[8.149,43.951],[8.14,43.946],[8.133,43.932],[8.117,43.925],[8.09,43.914],[8.079,43.898],[8.073,43.891],[8.052,43.887],[8.03,43.884],[8.015,43.872],[7.969,43.86],[7.966,43.852],[7.927,43.845],[7.917,43.844],[7.893,43.838],[7.885,43.837],[7.869,43.835],[7.842,43.826],[7.841,43.823],[7.84,43.82],[7.834,43.817],[7.82,43.82],[7.812,43.823],[7.805,43.823],[7.783,43.819],[7.767,43.812],[7.741,43.799],[7.742,43.798],[7.742,43.798],[7.724,43.799],[7.712,43.801],[7.698,43.798],[7.694,43.793],[7.695,43.792],[7.673,43.776],[7.615,43.786],[7.575,43.793],[7.56,43.789],[7.558,43.782],[7.53,43.788],[7.511,43.825],[7.507,43.84],[7.508,43.842],[7.506,43.843],[7.501,43.845],[7.499,43.846],[7.499,43.869],[7.552,43.894]]],[[[8.229,44.025],[8.224,44.026],[8.225,44.027],[8.229,44.026],[8.229,44.025]]],[[[8.445,44.234],[8.444,44.235],[8.446,44.234],[8.445,44.234]]],[[[8.486,44.308],[8.486,44.308]]],[[[8.884,44.402],[8.904,44.399],[8.876,44.404],[8.884,44.402]]],[[[8.87,44.403],[8.819,44.413],[8.87,44.403]]],[[[8.831,44.421],[8.831,44.421],[8.831,44.421],[8.831,44.421]]],[[[8.829,44.421],[8.829,44.422],[8.829,44.422],[8.829,44.421]]],[[[8.8,44.416],[8.774,44.415],[8.805,44.421],[8.806,44.421],[8.81,44.422],[8.809,44.422],[8.8,44.416]]],[[[9.774,44.077],[9.773,44.077],[9.774,44.078],[9.774,44.078],[9.774,44.077]]],[[[9.826,44.103],[9.826,44.103],[9.826,44.103]]],[[[9.831,44.106],[9.831,44.106]]],[[[9.854,44.106],[9.854,44.106]]],[[[9.849,44.11],[9.849,44.109],[9.849,44.11]]],[[[9.85,44.11],[9.85,44.11],[9.85,44.11]]],[[[9.85,44.11],[9.85,44.11],[9.85,44.11],[9.85,44.11]]],[[[9.849,44.11],[9.849,44.109],[9.849,44.11]]],[[[9.851,44.023],[9.851,44.023],[9.85,44.024],[9.851,44.025],[9.851,44.024],[9.851,44.023],[9.851,44.023]]],[[[9.854,44.026],[9.848,44.029],[9.854,44.027],[9.854,44.026]]],[[[9.847,44.033],[9.833,44.047],[9.852,44.048],[9.847,44.033]]]]},"properties":{"reg_name":"Liguria"}},{"type":"Feature","geometry":{"type":"MultiPolygon","coordinates":[[[[9.333,44.735],[9.294,44.754],[9.316,44.784],[9.322,44.8],[9.341,44.805],[9.355,44.833],[9.348,44.844],[9.33,44.871],[9.324,44.879],[9.313,44.877],[9.296,44.88],[9.292,44.888],[9.283,44.895],[9.286,44.903],[9.285,44.932],[9.314,44.937],[9.325,44.956],[9.336,44.968],[9.336,44.978],[9.34,44.981],[9.343,44.991],[9.353,45.001],[9.361,45.0],[9.371,45.014],[9.372,45.017],[9.371,45.048],[9.406,45.073],[9.424,45.084],[9.436,45.082],[9.453,45.094],[9.475,45.097],[9.499,45.104],[9.508,45.1],[9.523,45.084],[9.528,45.079],[9.539,45.081],[9.55,45.089],[9.541,45.11],[9.537,45.118],[9.553,45.131],[9.567,45.112],[9.586,45.104],[9.595,45.102],[9.612,45.111],[9.614,45.123],[9.622,45.134],[9.634,45.129],[9.641,45.116],[9.638,45.109],[9.635,45.098],[9.631,45.088],[9.64,45.081],[9.658,45.082],[9.682,45.071],[9.715,45.058],[9.729,45.063],[9.739,45.074],[9.749,45.077],[9.745,45.106],[9.752,45.114],[9.771,45.101],[9.777,45.091],[9.811,45.079],[9.817,45.069],[9.818,45.054],[9.831,45.058],[9.835,45.073],[9.831,45.084],[9.838,45.096],[9.855,45.095],[9.864,45.092],[9.876,45.077],[9.884,45.075],[9.895,45.079],[9.9,45.086],[9.899,45.097],[9.887,45.107],[9.875,45.118],[9.878,45.124],[9.911,45.138],[9.921,45.137],[9.927,45.129],[9.919,45.112],[9.914,45.102],[9.924,45.1],[9.936,45.104],[9.966,45.127],[9.991,45.131],[10.013,45.107],[10.023,45.101],[10.03,45.093],[10.026,45.084],[10.022,45.076],[10.033,45.065],[10.048,45.057],[10.057,45.041],[10.084,45.034],[10.095,45.023],[10.143,45.034],[10.156,45.044],[10.172,45.04],[10.183,45.03],[10.211,45.034],[10.251,45.019],[10.258,45.017],[10.276,44.998],[10.294,45.0],[10.31,44.993],[10.318,44.984],[10.337,44.977],[10.351,44.967],[10.363,44.966],[10.383,44.979],[10.395,44.984],[10.412,44.982],[10.425,44.96],[10.434,44.945],[10.464,44.937],[10.503,44.923],[10.538,44.913],[10.57,44.908],[10.593,44.915],[10.602,44.916],[10.623,44.925],[10.642,44.942],[10.662,44.967],[10.683,44.982],[10.694,44.97],[10.689,44.967],[10.692,44.962],[10.698,44.963],[10.707,44.969],[10.712,44.975],[10.712,44.979],[10.711,44.983],[10.725,44.992],[10.73,44.989],[10.734,44.987],[10.742,44.98],[10.748,44.963],[10.766,44.946],[10.777,44.942],[10.849,44.926],[10.866,44.929],[10.865,44.924],[10.888,44.914],[10.919,44.924],[10.954,44.933],[10.981,44.945],[10.991,44.952],[11.023,44.953],[11.06,44.949],[11.089,44.959],[11.118,44.954],[11.128,44.946],[11.159,44.938],[11.204,44.941],[11.23,44.945],[11.243,44.947],[11.267,44.944],[11.284,44.956],[11.309,44.96],[11.338,44.956],[11.363,44.955],[11.41,44.95],[11.424,44.941],[11.427,44.93],[11.462,44.935],[11.498,44.937],[11.524,44.937],[11.559,44.921],[11.571,44.919],[11.586,44.912],[11.588,44.904],[11.589,44.897],[11.597,44.89],[11.623,44.889],[11.665,44.912],[11.688,44.917],[11.699,44.921],[11.718,44.927],[11.731,44.926],[11.745,44.935],[11.74,44.95],[11.749,44.959],[11.758,44.959],[11.787,44.966],[11.801,44.976],[11.818,44.977],[11.838,44.973],[11.887,44.976],[11.906,44.977],[11.926,44.975],[11.943,44.98],[11.964,44.987],[12.006,44.979],[12.051,44.974],[12.059,44.97],[12.101,44.962],[12.117,44.955],[12.144,44.928],[12.161,44.939],[12.175,44.939],[12.184,44.928],[12.201,44.926],[12.216,44.925],[12.228,44.924],[12.238,44.934],[12.276,44.943],[12.295,44.927],[12.284,44.914],[12.285,44.897],[12.287,44.87],[12.306,44.855],[12.338,44.851],[12.344,44.84],[12.357,44.814],[12.376,44.803],[12.395,44.794],[12.389,44.786],[12.365,44.785],[12.317,44.791],[12.322,44.791],[12.351,44.789],[12.332,44.794],[12.328,44.796],[12.367,44.787],[12.385,44.79],[12.365,44.803],[12.355,44.812],[12.317,44.839],[12.258,44.815],[12.283,44.818],[12.276,44.807],[12.247,44.759],[12.243,44.729],[12.241,44.687],[12.25,44.677],[12.251,44.661],[12.265,44.636],[12.269,44.629],[12.275,44.62],[12.283,44.579],[12.28,44.542],[12.281,44.512],[12.286,44.498],[12.288,44.468],[12.306,44.422],[12.309,44.42],[12.31,44.418],[12.317,44.403],[12.331,44.345],[12.336,44.332],[12.348,44.298],[12.356,44.275],[12.377,44.235],[12.398,44.208],[12.404,44.207],[12.425,44.183],[12.45,44.163],[12.502,44.117],[12.526,44.098],[12.561,44.076],[12.569,44.076],[12.576,44.078],[12.63,44.027],[12.68,43.992],[12.691,43.986],[12.692,43.985],[12.692,43.985],[12.693,43.985],[12.694,43.985],[12.694,43.984],[12.694,43.984],[12.695,43.984],[12.695,43.983],[12.696,43.984],[12.696,43.983],[12.696,43.983],[12.697,43.983],[12.699,43.982],[12.701,43.981],[12.703,43.98],[12.705,43.979],[12.706,43.978],[12.708,43.977],[12.711,43.976],[12.713,43.975],[12.715,43.974],[12.719,43.973],[12.722,43.972],[12.754,43.965],[12.741,43.941],[12.73,43.916],[12.727,43.912],[12.735,43.896],[12.732,43.873],[12.728,43.864],[12.724,43.861],[12.701,43.859],[12.699,43.857],[12.697,43.853],[12.673,43.824],[12.668,43.824],[12.644,43.827],[12.63,43.821],[12.61,43.834],[12.616,43.846],[12.605,43.846],[12.602,43.854],[12.603,43.863],[12.593,43.873],[12.591,43.884],[12.58,43.885],[12.565,43.881],[12.565,43.874],[12.562,43.87],[12.535,43.868],[12.521,43.874],[12.519,43.881],[12.508,43.878],[12.497,43.876],[12.487,43.894],[12.494,43.916],[12.494,43.921],[12.516,43.942],[12.51,43.954],[12.516,43.985],[12.502,43.987],[12.482,43.981],[12.464,43.975],[12.416,43.953],[12.404,43.951],[12.407,43.941],[12.415,43.931],[12.41,43.925],[12.412,43.908],[12.444,43.905],[12.455,43.894],[12.449,43.873],[12.432,43.873],[12.414,43.874],[12.404,43.87],[12.391,43.844],[12.389,43.818],[12.365,43.812],[12.362,43.806],[12.316,43.806],[12.285,43.795],[12.289,43.786],[12.285,43.77],[12.281,43.765],[12.254,43.759],[12.254,43.755],[12.249,43.752],[12.241,43.753],[12.236,43.757],[12.229,43.76],[12.209,43.755],[12.201,43.741],[12.192,43.735],[12.169,43.754],[12.149,43.756],[12.126,43.749],[12.107,43.754],[12.071,43.741],[12.062,43.75],[12.051,43.757],[12.029,43.762],[12.01,43.764],[11.999,43.765],[11.974,43.768],[11.951,43.779],[11.929,43.794],[11.912,43.802],[11.887,43.809],[11.868,43.817],[11.845,43.809],[11.818,43.82],[11.793,43.84],[11.757,43.857],[11.726,43.87],[11.718,43.876],[11.709,43.884],[11.714,43.9],[11.696,43.928],[11.693,43.953],[11.684,43.96],[11.668,43.972],[11.657,43.974],[11.646,43.99],[11.664,44.005],[11.656,44.017],[11.671,44.022],[11.688,44.031],[11.695,44.036],[11.71,44.067],[11.737,44.088],[11.74,44.099],[11.75,44.115],[11.745,44.126],[11.722,44.121],[11.706,44.12],[11.678,44.122],[11.623,44.117],[11.585,44.112],[11.59,44.124],[11.612,44.142],[11.617,44.144],[11.614,44.157],[11.576,44.161],[11.553,44.166],[11.545,44.153],[11.537,44.155],[11.524,44.156],[11.516,44.162],[11.487,44.175],[11.447,44.204],[11.426,44.235],[11.395,44.219],[11.389,44.212],[11.387,44.205],[11.379,44.199],[11.369,44.202],[11.33,44.198],[11.324,44.19],[11.311,44.173],[11.299,44.173],[11.281,44.155],[11.239,44.159],[11.207,44.15],[11.196,44.144],[11.251,44.116],[11.263,44.108],[11.251,44.101],[11.239,44.099],[11.215,44.099],[11.192,44.105],[11.171,44.107],[11.164,44.111],[11.16,44.112],[11.14,44.109],[11.128,44.11],[11.1,44.097],[11.089,44.09],[11.052,44.091],[11.032,44.096],[11.024,44.097],[11.005,44.122],[11.014,44.124],[11.012,44.138],[10.995,44.131],[10.979,44.122],[10.97,44.112],[10.945,44.082],[10.927,44.075],[10.916,44.062],[10.902,44.064],[10.902,44.073],[10.903,44.086],[10.88,44.098],[10.849,44.098],[10.83,44.117],[10.815,44.116],[10.803,44.119],[10.795,44.128],[10.766,44.141],[10.758,44.153],[10.725,44.156],[10.71,44.155],[10.679,44.156],[10.641,44.16],[10.628,44.143],[10.625,44.122],[10.593,44.115],[10.584,44.12],[10.532,44.155],[10.523,44.175],[10.49,44.197],[10.488,44.221],[10.474,44.224],[10.45,44.23],[10.436,44.226],[10.407,44.249],[10.344,44.269],[10.303,44.285],[10.252,44.27],[10.23,44.295],[10.22,44.304],[10.202,44.312],[10.191,44.314],[10.175,44.328],[10.163,44.337],[10.164,44.341],[10.136,44.354],[10.104,44.349],[10.095,44.348],[10.08,44.357],[10.064,44.366],[10.036,44.379],[10.022,44.383],[9.996,44.399],[9.992,44.412],[10.007,44.431],[9.996,44.447],[9.976,44.448],[9.97,44.465],[9.92,44.472],[9.9,44.473],[9.869,44.47],[9.816,44.462],[9.817,44.453],[9.8,44.444],[9.785,44.43],[9.757,44.407],[9.757,44.392],[9.744,44.383],[9.733,44.379],[9.723,44.383],[9.675,44.365],[9.664,44.399],[9.647,44.412],[9.612,44.427],[9.606,44.436],[9.596,44.435],[9.578,44.434],[9.551,44.429],[9.539,44.426],[9.534,44.429],[9.482,44.416],[9.479,44.409],[9.473,44.424],[9.439,44.428],[9.45,44.44],[9.46,44.451],[9.47,44.477],[9.476,44.482],[9.487,44.48],[9.495,44.498],[9.502,44.513],[9.495,44.541],[9.491,44.554],[9.471,44.566],[9.435,44.57],[9.42,44.586],[9.413,44.596],[9.395,44.588],[9.385,44.585],[9.375,44.58],[9.357,44.585],[9.347,44.58],[9.343,44.578],[9.313,44.597],[9.301,44.607],[9.291,44.608],[9.285,44.599],[9.276,44.596],[9.246,44.602],[9.257,44.611],[9.246,44.62],[9.203,44.614],[9.199,44.642],[9.204,44.654],[9.204,44.67],[9.2,44.677],[9.202,44.686],[9.224,44.683],[9.232,44.704],[9.238,44.713],[9.254,44.694],[9.257,44.683],[9.283,44.686],[9.319,44.689],[9.326,44.694],[9.309,44.702],[9.315,44.719],[9.329,44.727],[9.333,44.735]],[[12.177,43.811],[12.17,43.807],[12.183,43.783],[12.185,43.775],[12.199,43.77],[12.236,43.803],[12.224,43.81],[12.215,43.803],[12.191,43.805],[12.177,43.811]]],[[[9.299,44.692],[9.305,44.695],[9.3,44.692],[9.299,44.692]]],[[[9.29,44.701],[9.298,44.704],[9.299,44.705],[9.303,44.703],[9.292,44.701],[9.29,44.701],[9.29,44.701]]],[[[10.481,44.189],[10.48,44.19],[10.481,44.19],[10.482,44.19],[10.482,44.19],[10.481,44.189]]]]},"properties":{"reg_name":"Emilia-Romagna"}},{"type":"Feature","geometry":{"type":"MultiPolygon","coordinates":[[[[9.898,44.164],[9.92,44.189],[9.922,44.2],[9.91,44.203],[9.897,44.21],[9.879,44.199],[9.861,44.2],[9.868,44.227],[9.858,44.233],[9.859,44.238],[9.857,44.256],[9.853,44.269],[9.836,44.276],[9.815,44.286],[9.764,44.306],[9.76,44.317],[9.735,44.329],[9.718,44.353],[9.687,44.366],[9.724,44.382],[9.743,44.38],[9.743,44.385],[9.755,44.392],[9.758,44.407],[9.786,44.432],[9.809,44.45],[9.817,44.454],[9.816,44.462],[9.87,44.47],[9.903,44.47],[9.921,44.472],[9.971,44.464],[9.981,44.445],[9.997,44.446],[10.007,44.43],[9.991,44.409],[9.997,44.398],[10.022,44.383],[10.037,44.378],[10.064,44.366],[10.081,44.357],[10.096,44.348],[10.105,44.35],[10.142,44.354],[10.164,44.34],[10.164,44.336],[10.176,44.327],[10.191,44.314],[10.202,44.312],[10.221,44.303],[10.231,44.294],[10.254,44.269],[10.307,44.284],[10.348,44.269],[10.409,44.245],[10.439,44.226],[10.462,44.231],[10.478,44.223],[10.489,44.221],[10.49,44.197],[10.52,44.167],[10.544,44.15],[10.585,44.119],[10.6,44.115],[10.625,44.122],[10.634,44.146],[10.644,44.16],[10.68,44.157],[10.711,44.156],[10.726,44.156],[10.759,44.152],[10.773,44.135],[10.796,44.128],[10.803,44.119],[10.816,44.115],[10.83,44.117],[10.854,44.098],[10.881,44.098],[10.903,44.086],[10.899,44.067],[10.903,44.064],[10.917,44.062],[10.928,44.076],[10.952,44.089],[10.969,44.112],[10.988,44.127],[10.995,44.132],[11.014,44.137],[11.014,44.123],[11.005,44.121],[11.028,44.096],[11.036,44.096],[11.054,44.091],[11.09,44.09],[11.115,44.103],[11.131,44.109],[11.141,44.109],[11.16,44.112],[11.164,44.11],[11.173,44.107],[11.193,44.105],[11.22,44.101],[11.239,44.099],[11.251,44.101],[11.262,44.112],[11.243,44.12],[11.194,44.146],[11.208,44.15],[11.242,44.159],[11.298,44.168],[11.3,44.173],[11.312,44.174],[11.324,44.191],[11.343,44.206],[11.371,44.201],[11.38,44.2],[11.388,44.206],[11.389,44.212],[11.396,44.22],[11.428,44.234],[11.447,44.203],[11.498,44.169],[11.516,44.161],[11.525,44.158],[11.538,44.154],[11.552,44.158],[11.557,44.166],[11.578,44.162],[11.614,44.155],[11.617,44.143],[11.611,44.142],[11.589,44.124],[11.586,44.113],[11.638,44.111],[11.678,44.123],[11.716,44.123],[11.724,44.121],[11.748,44.125],[11.749,44.11],[11.74,44.099],[11.736,44.087],[11.709,44.067],[11.695,44.035],[11.687,44.03],[11.669,44.022],[11.657,44.016],[11.661,44.004],[11.646,43.989],[11.658,43.974],[11.668,43.971],[11.686,43.96],[11.689,43.95],[11.697,43.928],[11.714,43.899],[11.711,43.879],[11.719,43.876],[11.726,43.869],[11.774,43.851],[11.804,43.832],[11.825,43.815],[11.851,43.811],[11.869,43.817],[11.896,43.808],[11.912,43.802],[11.929,43.794],[11.951,43.778],[11.979,43.766],[12.0,43.766],[12.01,43.763],[12.037,43.757],[12.053,43.757],[12.063,43.746],[12.077,43.741],[12.109,43.753],[12.141,43.752],[12.153,43.759],[12.171,43.752],[12.195,43.732],[12.198,43.745],[12.209,43.756],[12.229,43.76],[12.237,43.756],[12.241,43.752],[12.253,43.753],[12.253,43.755],[12.254,43.759],[12.284,43.765],[12.297,43.759],[12.327,43.751],[12.339,43.736],[12.368,43.715],[12.37,43.708],[12.357,43.702],[12.345,43.71],[12.331,43.708],[12.33,43.699],[12.336,43.678],[12.33,43.674],[12.325,43.676],[12.321,43.693],[12.315,43.702],[12.31,43.73],[12.303,43.726],[12.302,43.717],[12.303,43.716],[12.306,43.698],[12.273,43.676],[12.251,43.673],[12.249,43.668],[12.211,43.65],[12.205,43.652],[12.188,43.634],[12.2,43.628],[12.203,43.606],[12.197,43.594],[12.192,43.587],[12.181,43.579],[12.159,43.547],[12.142,43.536],[12.091,43.513],[12.091,43.507],[12.095,43.499],[12.131,43.483],[12.145,43.478],[12.136,43.469],[12.099,43.454],[12.1,43.448],[12.081,43.434],[12.066,43.437],[12.053,43.431],[12.027,43.418],[12.052,43.398],[12.074,43.404],[12.078,43.399],[12.074,43.392],[12.073,43.382],[12.077,43.366],[12.096,43.368],[12.11,43.37],[12.125,43.358],[12.129,43.353],[12.136,43.332],[12.128,43.309],[12.132,43.294],[12.177,43.282],[12.194,43.313],[12.218,43.299],[12.224,43.296],[12.206,43.281],[12.181,43.274],[12.154,43.259],[12.133,43.254],[12.113,43.251],[12.098,43.24],[12.093,43.236],[12.083,43.238],[12.071,43.245],[12.056,43.25],[12.035,43.24],[12.036,43.216],[12.029,43.197],[12.005,43.18],[11.976,43.174],[11.972,43.17],[11.934,43.155],[11.922,43.141],[11.915,43.13],[11.92,43.119],[11.931,43.091],[11.925,43.074],[11.936,43.058],[11.942,43.053],[11.951,43.06],[11.951,43.065],[11.957,43.069],[11.973,43.064],[11.981,43.056],[11.981,43.046],[11.978,43.044],[11.974,43.038],[11.972,43.023],[11.968,43.016],[11.956,42.983],[11.949,42.97],[11.951,42.958],[11.939,42.928],[11.937,42.903],[11.959,42.886],[11.946,42.871],[11.932,42.87],[11.922,42.86],[11.91,42.849],[11.895,42.835],[11.885,42.836],[11.845,42.834],[11.825,42.826],[11.815,42.823],[11.813,42.811],[11.807,42.795],[11.786,42.816],[11.763,42.811],[11.751,42.796],[11.758,42.782],[11.764,42.778],[11.791,42.756],[11.812,42.75],[11.813,42.746],[11.819,42.746],[11.808,42.728],[11.801,42.708],[11.797,42.707],[11.784,42.694],[11.785,42.687],[11.786,42.671],[11.809,42.658],[11.809,42.653],[11.794,42.641],[11.788,42.64],[11.781,42.635],[11.751,42.639],[11.752,42.626],[11.736,42.607],[11.728,42.606],[11.707,42.607],[11.696,42.6],[11.683,42.591],[11.681,42.581],[11.656,42.574],[11.634,42.566],[11.632,42.568],[11.626,42.569],[11.608,42.566],[11.583,42.546],[11.563,42.525],[11.571,42.51],[11.579,42.509],[11.587,42.505],[11.607,42.493],[11.616,42.486],[11.618,42.481],[11.62,42.474],[11.618,42.445],[11.618,42.437],[11.604,42.436],[11.547,42.441],[11.522,42.435],[11.507,42.436],[11.488,42.439],[11.482,42.422],[11.476,42.413],[11.457,42.401],[11.449,42.393],[11.452,42.39],[11.454,42.386],[11.414,42.388],[11.34,42.402],[11.304,42.408],[11.293,42.408],[11.279,42.41],[11.274,42.418],[11.262,42.42],[11.249,42.419],[11.235,42.417],[11.21,42.409],[11.213,42.391],[11.213,42.388],[11.197,42.382],[11.194,42.382],[11.188,42.372],[11.182,42.363],[11.177,42.368],[11.159,42.363],[11.153,42.361],[11.127,42.386],[11.112,42.39],[11.098,42.393],[11.094,42.429],[11.098,42.434],[11.107,42.448],[11.122,42.435],[11.132,42.439],[11.138,42.436],[11.141,42.434],[11.148,42.434],[11.148,42.436],[11.149,42.437],[11.157,42.434],[11.167,42.438],[11.172,42.444],[11.18,42.455],[11.187,42.471],[11.192,42.505],[11.191,42.516],[11.178,42.54],[11.157,42.563],[11.15,42.564],[11.138,42.56],[11.128,42.557],[11.099,42.605],[11.097,42.606],[11.082,42.616],[11.085,42.617],[11.087,42.617],[11.086,42.626],[11.051,42.643],[11.01,42.659],[11.005,42.673],[11.005,42.675],[10.979,42.717],[10.972,42.723],[10.955,42.735],[10.935,42.745],[10.901,42.757],[10.835,42.771],[10.794,42.777],[10.76,42.789],[10.748,42.806],[10.756,42.808],[10.763,42.813],[10.773,42.832],[10.775,42.856],[10.769,42.862],[10.783,42.884],[10.787,42.889],[10.772,42.91],[10.709,42.941],[10.68,42.949],[10.634,42.954],[10.578,42.953],[10.55,42.947],[10.557,42.946],[10.541,42.935],[10.542,42.931],[10.536,42.92],[10.518,42.927],[10.512,42.932],[10.506,42.932],[10.497,42.934],[10.493,42.947],[10.485,42.966],[10.487,42.973],[10.483,42.982],[10.493,42.993],[10.5,42.993],[10.501,42.992],[10.504,42.99],[10.508,42.991],[10.513,42.995],[10.516,43.0],[10.515,43.003],[10.511,43.012],[10.517,43.015],[10.521,43.019],[10.533,43.061],[10.539,43.123],[10.537,43.179],[10.533,43.211],[10.523,43.248],[10.511,43.274],[10.501,43.292],[10.473,43.313],[10.463,43.318],[10.459,43.322],[10.456,43.34],[10.449,43.354],[10.441,43.371],[10.392,43.429],[10.381,43.447],[10.38,43.45],[10.379,43.448],[10.345,43.464],[10.33,43.474],[10.332,43.483],[10.315,43.516],[10.304,43.547],[10.294,43.551],[10.32,43.584],[10.314,43.573],[10.304,43.578],[10.297,43.562],[10.296,43.585],[10.291,43.598],[10.287,43.62],[10.281,43.657],[10.282,43.684],[10.28,43.704],[10.279,43.722],[10.274,43.752],[10.263,43.799],[10.259,43.816],[10.239,43.872],[10.221,43.896],[10.21,43.911],[10.193,43.931],[10.17,43.953],[10.144,43.975],[10.13,43.985],[10.092,44.012],[10.066,44.027],[10.038,44.036],[10.048,44.071],[10.058,44.108],[10.048,44.113],[10.018,44.119],[9.998,44.099],[9.983,44.1],[9.99,44.103],[9.995,44.119],[9.983,44.125],[9.979,44.161],[9.96,44.167],[9.953,44.166],[9.935,44.167],[9.912,44.168],[9.898,44.164]],[[10.481,44.189],[10.482,44.19],[10.482,44.19],[10.481,44.19],[10.48,44.19],[10.481,44.189]]],[[[10.107,42.583],[10.105,42.584],[10.107,42.583],[10.107,42.583]]],[[[10.098,42.589],[10.082,42.571],[10.049,42.575],[10.046,42.583],[10.055,42.59],[10.06,42.587],[10.074,42.591],[10.083,42.604],[10.083,42.619],[10.098,42.589]]],[[[10.08,42.622],[10.08,42.622],[10.079,42.622],[10.08,42.622],[10.08,42.622],[10.08,42.622]]],[[[10.265,42.745],[10.245,42.749],[10.242,42.75],[10.238,42.748],[10.235,42.745],[10.239,42.734],[10.237,42.726],[10.188,42.736],[10.118,42.747],[10.11,42.76],[10.103,42.782],[10.113,42.796],[10.145,42.807],[10.171,42.806],[10.174,42.807],[10.175,42.807],[10.179,42.809],[10.186,42.812],[10.201,42.806],[10.205,42.807],[10.213,42.799],[10.241,42.787],[10.245,42.789],[10.249,42.793],[10.247,42.795],[10.257,42.801],[10.268,42.802],[10.27,42.824],[10.266,42.824],[10.26,42.827],[10.268,42.828],[10.335,42.817],[10.331,42.812],[10.332,42.814],[10.323,42.802],[10.346,42.797],[10.362,42.804],[10.363,42.81],[10.36,42.818],[10.39,42.844],[10.395,42.856],[10.414,42.872],[10.415,42.87],[10.426,42.857],[10.443,42.843],[10.429,42.807],[10.435,42.781],[10.428,42.775],[10.405,42.763],[10.395,42.763],[10.386,42.759],[10.391,42.758],[10.406,42.748],[10.411,42.744],[10.435,42.72],[10.432,42.713],[10.414,42.713],[10.413,42.716],[10.385,42.714],[10.373,42.732],[10.357,42.753],[10.357,42.759],[10.342,42.764],[10.32,42.761],[10.321,42.753],[10.326,42.744],[10.319,42.736],[10.314,42.745],[10.313,42.758],[10.31,42.759],[10.302,42.76],[10.291,42.753],[10.289,42.746],[10.29,42.739],[10.27,42.739],[10.265,42.745]]],[[[10.413,42.71],[10.413,42.71],[10.413,42.71]]],[[[10.361,42.713],[10.361,42.713],[10.361,42.713],[10.361,42.713],[10.361,42.713]]],[[[10.361,42.713],[10.361,42.714],[10.361,42.714],[10.361,42.714],[10.361,42.714],[10.361,42.713]]],[[[10.406,42.713],[10.406,42.714],[10.406,42.713]]],[[[10.373,42.716],[10.373,42.716],[10.373,42.716],[10.373,42.716]]],[[[10.373,42.717],[10.373,42.718],[10.374,42.717],[10.373,42.717]]],[[[10.375,42.718],[10.374,42.718],[10.373,42.719],[10.375,42.719],[10.375,42.718]]],[[[10.32,42.734],[10.319,42.734],[10.319,42.735],[10.32,42.735],[10.32,42.735],[10.32,42.734]]],[[[9.797,43.031],[9.796,43.032],[9.798,43.032],[9.797,43.031]]],[[[9.835,43.049],[9.845,43.05],[9.819,43.013],[9.801,43.007],[9.793,43.025],[9.803,43.051],[9.814,43.062],[9.837,43.065],[9.834,43.059],[9.835,43.049]]],[[[9.901,43.44],[9.908,43.425],[9.889,43.424],[9.893,43.436],[9.894,43.436],[9.901,43.44]]],[[[10.219,43.548],[10.219,43.548],[10.219,43.548]]],[[[10.33,42.322],[10.291,42.321],[10.293,42.344],[10.3,42.351],[10.314,42.351],[10.326,42.343],[10.33,42.328],[10.33,42.322],[10.33,42.322]]],[[[10.064,42.358],[10.064,42.359],[10.064,42.359],[10.065,42.358],[10.064,42.358]]],[[[10.33,42.828],[10.331,42.829],[10.331,42.828],[10.33,42.828]]],[[[10.548,42.856],[10.546,42.856],[10.546,42.858],[10.548,42.861],[10.55,42.86],[10.548,42.856]]],[[[10.474,42.864],[10.472,42.866],[10.477,42.867],[10.476,42.866],[10.474,42.864],[10.474,42.864]]],[[[10.476,42.868],[10.475,42.868],[10.476,42.868],[10.476,42.868]]],[[[10.424,42.871],[10.423,42.871],[10.423,42.871],[10.423,42.871],[10.424,42.871],[10.424,42.871]]],[[[12.199,43.77],[12.185,43.775],[12.183,43.783],[12.17,43.807],[12.177,43.811],[12.211,43.805],[12.218,43.803],[12.23,43.809],[12.229,43.786],[12.199,43.77]]],[[[12.218,43.603],[12.218,43.603]]],[[[10.714,42.798],[10.712,42.798],[10.714,42.798],[10.714,42.798]]],[[[10.901,42.556],[10.9,42.556],[10.9,42.557],[10.901,42.557],[10.901,42.556],[10.901,42.556]]],[[[10.895,42.563],[10.894,42.564],[10.895,42.565],[10.895,42.563]]],[[[10.884,42.575],[10.878,42.578],[10.879,42.579],[10.883,42.578],[10.884,42.575]]],[[[11.115,42.259],[11.116,42.251],[11.109,42.255],[11.104,42.246],[11.112,42.24],[11.092,42.255],[11.109,42.261],[11.115,42.259]]],[[[10.883,42.349],[10.882,42.35],[10.883,42.35],[10.883,42.349]]],[[[10.929,42.356],[10.929,42.356],[10.929,42.356],[10.929,42.356],[10.929,42.356],[10.929,42.356]]],[[[10.887,42.39],[10.907,42.381],[10.924,42.355],[10.927,42.341],[10.928,42.325],[10.882,42.352],[10.868,42.369],[10.884,42.375],[10.886,42.39],[10.887,42.39]]],[[[11.131,42.377],[11.13,42.378],[11.13,42.378],[11.131,42.378],[11.131,42.377]]],[[[11.213,42.379],[11.209,42.381],[11.212,42.382],[11.213,42.379],[11.213,42.379]]],[[[11.082,42.418],[11.08,42.418],[11.082,42.419],[11.083,42.419],[11.082,42.418]]],[[[11.138,42.435],[11.138,42.435]]]]},"properties":{"reg_name":"Toscana"}},{"type":"Feature","geometry":{"type":"MultiPolygon","coordinates":[[[[13.158,42.654],[13.139,42.651],[13.129,42.66],[13.117,42.653],[13.099,42.637],[13.086,42.634],[13.063,42.623],[13.036,42.628],[13.032,42.634],[13.019,42.635],[13.014,42.623],[13.004,42.615],[12.963,42.619],[12.934,42.607],[12.917,42.608],[12.903,42.612],[12.882,42.598],[12.894,42.572],[12.882,42.563],[12.843,42.548],[12.805,42.536],[12.787,42.533],[12.773,42.521],[12.766,42.512],[12.737,42.509],[12.717,42.49],[12.739,42.473],[12.733,42.468],[12.694,42.451],[12.656,42.442],[12.646,42.452],[12.641,42.461],[12.625,42.469],[12.614,42.464],[12.616,42.446],[12.615,42.422],[12.611,42.412],[12.577,42.389],[12.546,42.381],[12.526,42.364],[12.513,42.394],[12.518,42.397],[12.505,42.403],[12.488,42.399],[12.471,42.4],[12.46,42.398],[12.455,42.402],[12.467,42.42],[12.462,42.429],[12.45,42.423],[12.438,42.426],[12.417,42.422],[12.417,42.431],[12.419,42.439],[12.413,42.443],[12.414,42.456],[12.423,42.457],[12.43,42.458],[12.415,42.467],[12.413,42.478],[12.424,42.484],[12.404,42.5],[12.375,42.486],[12.362,42.476],[12.346,42.481],[12.335,42.49],[12.324,42.495],[12.314,42.488],[12.293,42.49],[12.29,42.495],[12.307,42.498],[12.29,42.511],[12.278,42.507],[12.274,42.512],[12.288,42.522],[12.269,42.529],[12.267,42.537],[12.278,42.553],[12.266,42.559],[12.239,42.573],[12.24,42.595],[12.239,42.607],[12.23,42.613],[12.243,42.629],[12.228,42.638],[12.193,42.663],[12.176,42.673],[12.149,42.664],[12.139,42.658],[12.126,42.651],[12.118,42.651],[12.113,42.658],[12.107,42.665],[12.092,42.655],[12.041,42.649],[12.032,42.644],[12.03,42.65],[11.996,42.668],[11.941,42.684],[11.949,42.696],[11.936,42.699],[11.931,42.711],[11.939,42.718],[11.969,42.735],[11.982,42.754],[11.965,42.767],[11.951,42.775],[11.92,42.795],[11.914,42.809],[11.905,42.828],[11.907,42.849],[11.914,42.851],[11.929,42.869],[11.944,42.872],[11.959,42.882],[11.939,42.903],[11.935,42.915],[11.953,42.955],[11.948,42.967],[11.954,42.979],[11.964,43.006],[11.972,43.022],[11.972,43.035],[11.977,43.043],[11.981,43.045],[11.982,43.051],[11.976,43.061],[11.962,43.068],[11.951,43.066],[11.951,43.061],[11.942,43.053],[11.936,43.057],[11.932,43.068],[11.931,43.089],[11.921,43.118],[11.914,43.129],[11.922,43.136],[11.928,43.152],[11.97,43.169],[11.975,43.174],[12.002,43.18],[12.027,43.191],[12.031,43.207],[12.036,43.239],[12.054,43.251],[12.065,43.246],[12.082,43.239],[12.092,43.236],[12.094,43.239],[12.11,43.248],[12.129,43.254],[12.152,43.257],[12.176,43.274],[12.199,43.279],[12.223,43.294],[12.219,43.299],[12.202,43.31],[12.18,43.286],[12.134,43.293],[12.126,43.308],[12.134,43.316],[12.13,43.351],[12.126,43.356],[12.112,43.368],[12.097,43.369],[12.077,43.366],[12.073,43.37],[12.074,43.391],[12.078,43.398],[12.077,43.402],[12.066,43.403],[12.025,43.415],[12.051,43.43],[12.061,43.438],[12.078,43.434],[12.099,43.447],[12.1,43.452],[12.109,43.463],[12.144,43.474],[12.136,43.482],[12.097,43.498],[12.091,43.503],[12.091,43.511],[12.127,43.532],[12.154,43.531],[12.179,43.575],[12.19,43.587],[12.197,43.593],[12.2,43.603],[12.253,43.59],[12.263,43.589],[12.265,43.592],[12.268,43.594],[12.295,43.593],[12.293,43.586],[12.307,43.59],[12.311,43.6],[12.323,43.602],[12.354,43.617],[12.358,43.616],[12.361,43.597],[12.37,43.579],[12.345,43.553],[12.337,43.553],[12.319,43.553],[12.313,43.543],[12.346,43.521],[12.356,43.528],[12.386,43.52],[12.386,43.511],[12.393,43.509],[12.405,43.523],[12.42,43.536],[12.438,43.537],[12.478,43.526],[12.501,43.52],[12.521,43.504],[12.524,43.496],[12.578,43.45],[12.591,43.444],[12.609,43.435],[12.623,43.422],[12.637,43.431],[12.68,43.433],[12.709,43.425],[12.732,43.462],[12.747,43.462],[12.767,43.46],[12.768,43.447],[12.766,43.425],[12.778,43.417],[12.763,43.397],[12.754,43.395],[12.755,43.375],[12.758,43.373],[12.76,43.364],[12.77,43.36],[12.773,43.35],[12.781,43.346],[12.793,43.336],[12.802,43.306],[12.8,43.291],[12.794,43.288],[12.789,43.283],[12.825,43.267],[12.826,43.249],[12.832,43.231],[12.838,43.22],[12.863,43.211],[12.867,43.187],[12.853,43.154],[12.844,43.151],[12.83,43.146],[12.833,43.139],[12.84,43.13],[12.841,43.125],[12.844,43.122],[12.859,43.125],[12.879,43.122],[12.883,43.119],[12.884,43.108],[12.892,43.093],[12.895,43.077],[12.891,43.055],[12.894,43.045],[12.907,43.035],[12.888,43.011],[12.889,43.008],[12.908,42.986],[12.902,42.977],[12.898,42.973],[12.917,42.954],[12.919,42.955],[12.929,42.953],[12.933,42.948],[12.946,42.941],[12.969,42.928],[12.976,42.927],[12.976,42.921],[12.972,42.892],[12.975,42.885],[12.973,42.879],[12.989,42.869],[12.996,42.885],[13.002,42.895],[12.999,42.898],[13.007,42.905],[13.01,42.903],[13.038,42.908],[13.042,42.914],[13.056,42.918],[13.068,42.907],[13.073,42.904],[13.108,42.89],[13.139,42.858],[13.154,42.835],[13.163,42.832],[13.165,42.833],[13.221,42.851],[13.227,42.853],[13.232,42.856],[13.239,42.865],[13.25,42.842],[13.257,42.819],[13.262,42.816],[13.264,42.809],[13.245,42.773],[13.245,42.767],[13.237,42.768],[13.235,42.773],[13.218,42.772],[13.199,42.754],[13.199,42.749],[13.19,42.739],[13.188,42.736],[13.187,42.726],[13.188,42.72],[13.191,42.713],[13.19,42.709],[13.175,42.692],[13.174,42.685],[13.176,42.683],[13.174,42.666],[13.158,42.654]]],[[[12.408,43.602],[12.414,43.606],[12.431,43.603],[12.433,43.592],[12.423,43.594],[12.408,43.602]]]]},"properties":{"reg_name":"Umbria"}},{"type":"Feature","geometry":{"type":"Polygon","coordinates":[[[12.501,43.52],[12.478,43.526],[12.438,43.537],[12.42,43.536],[12.405,43.523],[12.393,43.509],[12.386,43.511],[12.386,43.52],[12.356,43.528],[12.346,43.521],[12.313,43.543],[12.319,43.553],[12.337,43.553],[12.345,43.553],[12.37,43.579],[12.361,43.597],[12.358,43.616],[12.354,43.617],[12.323,43.602],[12.311,43.6],[12.307,43.59],[12.293,43.586],[12.295,43.593],[12.268,43.594],[12.265,43.592],[12.263,43.589],[12.253,43.59],[12.21,43.621],[12.198,43.628],[12.186,43.642],[12.207,43.651],[12.222,43.651],[12.251,43.671],[12.25,43.675],[12.285,43.68],[12.305,43.713],[12.303,43.717],[12.302,43.717],[12.304,43.727],[12.314,43.717],[12.315,43.7],[12.321,43.688],[12.328,43.676],[12.331,43.674],[12.334,43.68],[12.329,43.702],[12.333,43.708],[12.352,43.705],[12.359,43.702],[12.371,43.711],[12.362,43.72],[12.332,43.744],[12.317,43.756],[12.291,43.762],[12.283,43.766],[12.286,43.771],[12.283,43.789],[12.297,43.797],[12.35,43.8],[12.363,43.808],[12.388,43.817],[12.394,43.821],[12.393,43.858],[12.405,43.876],[12.431,43.872],[12.435,43.872],[12.464,43.891],[12.488,43.884],[12.502,43.876],[12.512,43.88],[12.518,43.878],[12.532,43.87],[12.549,43.866],[12.563,43.871],[12.565,43.879],[12.566,43.882],[12.584,43.884],[12.59,43.88],[12.598,43.864],[12.604,43.856],[12.601,43.854],[12.606,43.845],[12.61,43.837],[12.623,43.821],[12.632,43.822],[12.644,43.827],[12.67,43.823],[12.679,43.841],[12.699,43.855],[12.7,43.858],[12.722,43.861],[12.725,43.862],[12.734,43.87],[12.723,43.881],[12.733,43.901],[12.729,43.912],[12.729,43.925],[12.756,43.962],[12.757,43.968],[12.769,43.966],[12.807,43.961],[12.893,43.923],[12.963,43.882],[13.009,43.853],[13.029,43.844],[13.078,43.814],[13.102,43.796],[13.123,43.78],[13.144,43.768],[13.191,43.738],[13.271,43.687],[13.308,43.668],[13.354,43.649],[13.374,43.643],[13.388,43.637],[13.397,43.631],[13.423,43.621],[13.454,43.611],[13.485,43.608],[13.494,43.617],[13.504,43.615],[13.5,43.63],[13.499,43.629],[13.507,43.631],[13.528,43.621],[13.532,43.62],[13.553,43.602],[13.566,43.587],[13.57,43.574],[13.578,43.568],[13.59,43.564],[13.628,43.548],[13.622,43.535],[13.621,43.53],[13.624,43.508],[13.623,43.506],[13.624,43.5],[13.631,43.49],[13.642,43.474],[13.668,43.43],[13.697,43.364],[13.714,43.33],[13.725,43.316],[13.756,43.271],[13.778,43.234],[13.79,43.204],[13.797,43.187],[13.808,43.166],[13.813,43.169],[13.814,43.169],[13.811,43.161],[13.817,43.146],[13.83,43.125],[13.846,43.092],[13.846,43.086],[13.849,43.067],[13.862,43.021],[13.871,42.995],[13.872,42.99],[13.881,42.964],[13.89,42.942],[13.913,42.899],[13.902,42.894],[13.897,42.892],[13.881,42.894],[13.877,42.89],[13.835,42.882],[13.817,42.878],[13.813,42.875],[13.801,42.867],[13.76,42.859],[13.743,42.856],[13.722,42.855],[13.708,42.845],[13.7,42.823],[13.687,42.818],[13.665,42.81],[13.635,42.804],[13.628,42.814],[13.621,42.816],[13.613,42.81],[13.574,42.8],[13.548,42.812],[13.544,42.817],[13.532,42.801],[13.505,42.775],[13.505,42.748],[13.48,42.732],[13.452,42.734],[13.438,42.707],[13.441,42.705],[13.436,42.699],[13.433,42.703],[13.401,42.691],[13.381,42.691],[13.358,42.694],[13.336,42.705],[13.324,42.718],[13.302,42.729],[13.295,42.731],[13.287,42.74],[13.264,42.74],[13.26,42.73],[13.257,42.724],[13.238,42.726],[13.197,42.735],[13.188,42.735],[13.189,42.739],[13.199,42.748],[13.199,42.753],[13.217,42.772],[13.235,42.773],[13.237,42.769],[13.241,42.763],[13.245,42.772],[13.264,42.808],[13.262,42.816],[13.259,42.818],[13.25,42.841],[13.24,42.863],[13.232,42.856],[13.229,42.853],[13.222,42.851],[13.181,42.837],[13.163,42.832],[13.155,42.835],[13.14,42.857],[13.108,42.89],[13.073,42.903],[13.068,42.907],[13.058,42.916],[13.043,42.914],[13.038,42.908],[13.01,42.903],[13.008,42.904],[12.999,42.898],[13.003,42.895],[12.996,42.886],[12.989,42.869],[12.973,42.878],[12.975,42.881],[12.973,42.89],[12.975,42.92],[12.976,42.926],[12.972,42.928],[12.947,42.941],[12.934,42.946],[12.929,42.953],[12.919,42.955],[12.917,42.954],[12.898,42.973],[12.901,42.976],[12.908,42.986],[12.889,43.008],[12.888,43.011],[12.903,43.027],[12.897,43.043],[12.892,43.049],[12.893,43.069],[12.892,43.093],[12.884,43.108],[12.883,43.119],[12.88,43.122],[12.872,43.124],[12.844,43.122],[12.841,43.125],[12.84,43.128],[12.835,43.138],[12.83,43.146],[12.841,43.149],[12.852,43.154],[12.864,43.174],[12.863,43.211],[12.838,43.22],[12.833,43.231],[12.826,43.249],[12.828,43.261],[12.79,43.282],[12.793,43.288],[12.8,43.291],[12.802,43.306],[12.793,43.335],[12.782,43.341],[12.773,43.35],[12.771,43.358],[12.761,43.364],[12.758,43.372],[12.756,43.375],[12.747,43.39],[12.762,43.397],[12.78,43.414],[12.767,43.425],[12.766,43.446],[12.771,43.457],[12.747,43.462],[12.736,43.464],[12.709,43.425],[12.681,43.432],[12.643,43.434],[12.623,43.421],[12.616,43.43],[12.592,43.444],[12.579,43.448],[12.533,43.488],[12.522,43.502],[12.504,43.518],[12.501,43.52]],[[12.408,43.602],[12.425,43.592],[12.433,43.593],[12.425,43.609],[12.415,43.606],[12.408,43.602]]]},"properties":{"reg_name":"Marche"}},{"type":"Feature","geometry":{"type":"MultiPolygon","coordinates":[[[[11.811,42.807],[11.813,42.822],[11.825,42.827],[11.832,42.827],[11.875,42.836],[11.894,42.834],[11.908,42.816],[11.919,42.801],[11.93,42.779],[11.961,42.771],[11.981,42.759],[11.975,42.75],[11.946,42.725],[11.93,42.713],[11.926,42.704],[11.941,42.699],[11.946,42.691],[11.96,42.679],[12.014,42.658],[12.031,42.643],[12.039,42.649],[12.07,42.654],[12.097,42.658],[12.108,42.66],[12.114,42.655],[12.125,42.65],[12.127,42.656],[12.149,42.661],[12.162,42.677],[12.186,42.666],[12.204,42.66],[12.226,42.635],[12.237,42.622],[12.232,42.609],[12.243,42.598],[12.24,42.588],[12.239,42.572],[12.275,42.56],[12.278,42.546],[12.266,42.535],[12.277,42.523],[12.287,42.518],[12.275,42.509],[12.283,42.508],[12.301,42.504],[12.303,42.491],[12.29,42.493],[12.3,42.488],[12.321,42.491],[12.325,42.495],[12.345,42.484],[12.349,42.476],[12.375,42.484],[12.386,42.495],[12.421,42.493],[12.42,42.482],[12.413,42.467],[12.424,42.466],[12.427,42.457],[12.419,42.458],[12.411,42.446],[12.415,42.442],[12.419,42.436],[12.414,42.428],[12.424,42.422],[12.442,42.426],[12.456,42.428],[12.464,42.429],[12.458,42.404],[12.447,42.398],[12.466,42.396],[12.478,42.404],[12.492,42.397],[12.518,42.398],[12.515,42.395],[12.518,42.369],[12.533,42.369],[12.569,42.383],[12.601,42.402],[12.615,42.414],[12.613,42.426],[12.619,42.457],[12.621,42.468],[12.641,42.468],[12.64,42.456],[12.65,42.447],[12.669,42.441],[12.711,42.463],[12.742,42.471],[12.727,42.481],[12.721,42.504],[12.746,42.508],[12.774,42.513],[12.776,42.532],[12.798,42.534],[12.818,42.533],[12.848,42.553],[12.892,42.564],[12.887,42.587],[12.89,42.614],[12.907,42.612],[12.923,42.604],[12.952,42.619],[12.973,42.617],[13.011,42.617],[13.012,42.626],[13.026,42.639],[13.033,42.631],[13.057,42.623],[13.075,42.629],[13.094,42.636],[13.11,42.642],[13.116,42.657],[13.133,42.655],[13.146,42.646],[13.17,42.663],[13.177,42.683],[13.174,42.685],[13.174,42.688],[13.189,42.708],[13.191,42.712],[13.188,42.719],[13.187,42.724],[13.201,42.735],[13.251,42.723],[13.26,42.728],[13.26,42.732],[13.28,42.741],[13.29,42.735],[13.298,42.73],[13.309,42.728],[13.327,42.716],[13.342,42.702],[13.35,42.681],[13.365,42.655],[13.377,42.65],[13.41,42.64],[13.397,42.622],[13.394,42.611],[13.391,42.593],[13.384,42.583],[13.339,42.576],[13.323,42.58],[13.297,42.571],[13.284,42.582],[13.254,42.582],[13.24,42.574],[13.229,42.582],[13.202,42.586],[13.189,42.576],[13.175,42.56],[13.16,42.523],[13.178,42.509],[13.175,42.481],[13.145,42.462],[13.142,42.429],[13.189,42.4],[13.17,42.37],[13.183,42.341],[13.19,42.333],[13.2,42.332],[13.215,42.323],[13.226,42.319],[13.229,42.287],[13.235,42.278],[13.272,42.254],[13.275,42.244],[13.306,42.231],[13.327,42.224],[13.341,42.198],[13.376,42.185],[13.38,42.181],[13.361,42.178],[13.344,42.177],[13.345,42.165],[13.323,42.16],[13.322,42.153],[13.312,42.149],[13.285,42.134],[13.257,42.131],[13.236,42.132],[13.215,42.145],[13.183,42.158],[13.174,42.152],[13.137,42.169],[13.115,42.175],[13.087,42.175],[13.086,42.144],[13.073,42.132],[13.033,42.114],[13.019,42.076],[13.027,42.05],[13.058,42.016],[13.091,42.008],[13.101,42.01],[13.097,42.022],[13.109,42.025],[13.148,42.012],[13.174,41.996],[13.209,41.987],[13.26,41.969],[13.284,41.952],[13.296,41.949],[13.33,41.938],[13.345,41.922],[13.364,41.925],[13.37,41.917],[13.378,41.891],[13.362,41.873],[13.366,41.858],[13.367,41.833],[13.376,41.821],[13.391,41.819],[13.407,41.838],[13.425,41.83],[13.462,41.814],[13.485,41.803],[13.506,41.801],[13.512,41.788],[13.522,41.773],[13.549,41.761],[13.565,41.758],[13.577,41.756],[13.593,41.768],[13.61,41.774],[13.63,41.782],[13.641,41.8],[13.648,41.811],[13.672,41.808],[13.693,41.792],[13.713,41.794],[13.723,41.797],[13.73,41.79],[13.734,41.785],[13.749,41.773],[13.749,41.761],[13.775,41.749],[13.81,41.754],[13.816,41.752],[13.828,41.739],[13.881,41.728],[13.904,41.718],[13.922,41.713],[13.925,41.705],[13.932,41.693],[13.949,41.681],[13.955,41.68],[13.974,41.668],[13.987,41.648],[14.004,41.616],[13.998,41.578],[14.003,41.573],[14.002,41.569],[14.01,41.566],[14.026,41.556],[14.005,41.539],[14.014,41.531],[14.028,41.524],[14.021,41.522],[14.013,41.516],[14.0,41.514],[13.995,41.513],[13.991,41.507],[13.975,41.497],[13.973,41.493],[13.977,41.492],[13.982,41.47],[13.961,41.464],[13.911,41.43],[13.886,41.427],[13.863,41.41],[13.876,41.394],[13.884,41.383],[13.875,41.376],[13.877,41.344],[13.874,41.338],[13.881,41.327],[13.888,41.32],[13.882,41.291],[13.832,41.282],[13.835,41.266],[13.816,41.244],[13.79,41.244],[13.771,41.241],[13.762,41.223],[13.73,41.243],[13.706,41.254],[13.689,41.246],[13.67,41.248],[13.666,41.252],[13.638,41.26],[13.613,41.258],[13.585,41.247],[13.577,41.243],[13.568,41.23],[13.584,41.21],[13.589,41.21],[13.59,41.211],[13.59,41.207],[13.569,41.205],[13.571,41.207],[13.568,41.209],[13.558,41.211],[13.553,41.209],[13.55,41.207],[13.528,41.221],[13.514,41.225],[13.485,41.238],[13.463,41.241],[13.409,41.269],[13.382,41.279],[13.356,41.287],[13.322,41.294],[13.292,41.298],[13.277,41.297],[13.266,41.295],[13.263,41.288],[13.231,41.284],[13.206,41.283],[13.173,41.276],[13.135,41.259],[13.104,41.24],[13.066,41.222],[13.04,41.231],[13.036,41.251],[13.023,41.277],[12.99,41.325],[12.95,41.362],[12.916,41.384],[12.86,41.41],[12.848,41.413],[12.827,41.416],[12.811,41.414],[12.797,41.417],[12.782,41.418],[12.775,41.417],[12.768,41.413],[12.744,41.422],[12.728,41.433],[12.689,41.452],[12.664,41.457],[12.642,41.453],[12.636,41.451],[12.619,41.447],[12.609,41.466],[12.57,41.515],[12.529,41.558],[12.485,41.599],[12.416,41.656],[12.363,41.69],[12.307,41.717],[12.254,41.737],[12.243,41.74],[12.239,41.739],[12.236,41.739],[12.241,41.743],[12.255,41.746],[12.244,41.744],[12.228,41.746],[12.229,41.755],[12.223,41.773],[12.207,41.822],[12.19,41.855],[12.163,41.892],[12.141,41.916],[12.117,41.93],[12.101,41.933],[12.086,41.941],[12.064,41.952],[12.046,41.961],[12.031,41.978],[12.015,41.989],[11.974,42.0],[11.969,42.008],[11.962,42.015],[11.894,42.04],[11.833,42.031],[11.833,42.037],[11.819,42.056],[11.809,42.064],[11.81,42.065],[11.811,42.062],[11.814,42.06],[11.815,42.061],[11.793,42.089],[11.787,42.089],[11.775,42.098],[11.778,42.103],[11.76,42.124],[11.743,42.149],[11.737,42.166],[11.74,42.169],[11.731,42.179],[11.708,42.215],[11.698,42.232],[11.688,42.241],[11.681,42.245],[11.664,42.269],[11.625,42.3],[11.598,42.313],[11.559,42.337],[11.512,42.357],[11.451,42.377],[11.453,42.39],[11.45,42.391],[11.45,42.394],[11.476,42.413],[11.482,42.421],[11.482,42.434],[11.504,42.437],[11.522,42.434],[11.544,42.442],[11.601,42.436],[11.611,42.437],[11.618,42.444],[11.62,42.473],[11.62,42.477],[11.616,42.485],[11.609,42.493],[11.587,42.504],[11.58,42.509],[11.572,42.511],[11.562,42.515],[11.578,42.539],[11.605,42.568],[11.625,42.569],[11.63,42.57],[11.633,42.566],[11.654,42.573],[11.68,42.581],[11.683,42.59],[11.692,42.6],[11.703,42.603],[11.727,42.607],[11.734,42.606],[11.75,42.623],[11.75,42.638],[11.767,42.637],[11.787,42.64],[11.792,42.64],[11.808,42.65],[11.809,42.657],[11.8,42.669],[11.784,42.681],[11.786,42.689],[11.796,42.707],[11.801,42.708],[11.808,42.727],[11.809,42.734],[11.814,42.746],[11.813,42.748],[11.797,42.756],[11.764,42.777],[11.759,42.782],[11.75,42.79],[11.759,42.809],[11.78,42.818],[11.805,42.796],[11.811,42.807]],[[12.656,41.734],[12.651,41.747],[12.652,41.74],[12.656,41.734]],[[12.458,41.906],[12.458,41.901],[12.458,41.902],[12.458,41.906]]],[[[12.252,41.737],[12.252,41.737]]],[[[12.249,41.737],[12.249,41.737]]],[[[12.244,41.738],[12.244,41.738]]],[[[13.104,40.839],[13.104,40.839],[13.104,40.839],[13.104,40.839],[13.104,40.839],[13.104,40.839]]],[[[12.966,40.884],[12.965,40.885],[12.965,40.885],[12.966,40.885],[12.966,40.884]]],[[[12.851,40.92],[12.851,40.921],[12.851,40.921],[12.851,40.921],[12.851,40.921],[12.851,40.92]]],[[[12.847,40.921],[12.847,40.922],[12.848,40.922],[12.847,40.921],[12.847,40.921]]],[[[12.849,40.92],[12.849,40.922],[12.849,40.921],[12.849,40.92]]],[[[12.848,40.924],[12.848,40.923],[12.848,40.925],[12.848,40.924]]],[[[12.967,40.921],[12.959,40.896],[12.96,40.882],[12.948,40.887],[12.954,40.896],[12.959,40.92],[12.968,40.927],[12.994,40.935],[12.979,40.927],[12.967,40.921]]],[[[13.0,40.933],[13.003,40.938],[13.003,40.934],[13.0,40.933]]],[[[12.853,40.942],[12.853,40.944],[12.853,40.943],[12.853,40.942]]],[[[12.85,40.943],[12.85,40.944],[12.851,40.944],[12.85,40.943]]],[[[12.86,40.93],[12.85,40.93],[12.855,40.933],[12.856,40.943],[12.854,40.949],[12.86,40.93]]],[[[13.059,40.965],[13.048,40.968],[13.06,40.974],[13.063,40.965],[13.059,40.965]]],[[[13.455,40.787],[13.45,40.789],[13.454,40.793],[13.459,40.789],[13.455,40.787]]],[[[13.427,40.79],[13.409,40.785],[13.41,40.787],[13.416,40.789],[13.435,40.796],[13.427,40.79]]]]},"properties":{"reg_name":"Lazio"}},{"type":"Feature","geometry":{"type":"MultiPolygon","coordinates":[[[[13.941,41.688],[13.928,41.702],[13.923,41.708],[13.918,41.719],[13.892,41.735],[13.856,41.731],[13.823,41.741],[13.813,41.754],[13.79,41.743],[13.767,41.749],[13.749,41.77],[13.742,41.781],[13.731,41.787],[13.729,41.797],[13.719,41.798],[13.707,41.788],[13.685,41.799],[13.664,41.81],[13.638,41.804],[13.642,41.791],[13.627,41.78],[13.606,41.772],[13.589,41.767],[13.574,41.754],[13.562,41.761],[13.545,41.762],[13.522,41.78],[13.511,41.791],[13.493,41.803],[13.47,41.807],[13.45,41.823],[13.42,41.834],[13.398,41.835],[13.384,41.817],[13.376,41.824],[13.365,41.854],[13.367,41.863],[13.367,41.88],[13.384,41.903],[13.366,41.921],[13.357,41.926],[13.336,41.927],[13.325,41.942],[13.295,41.948],[13.268,41.964],[13.234,41.977],[13.194,41.989],[13.166,42.0],[13.129,42.018],[13.104,42.026],[13.099,42.014],[13.101,42.008],[13.08,42.009],[13.047,42.034],[13.024,42.064],[13.024,42.092],[13.031,42.115],[13.077,42.139],[13.094,42.16],[13.102,42.177],[13.12,42.177],[13.158,42.157],[13.177,42.153],[13.201,42.152],[13.221,42.144],[13.237,42.129],[13.265,42.137],[13.308,42.143],[13.318,42.154],[13.327,42.154],[13.327,42.164],[13.351,42.166],[13.351,42.175],[13.368,42.18],[13.38,42.183],[13.374,42.187],[13.333,42.211],[13.322,42.229],[13.292,42.232],[13.275,42.246],[13.257,42.265],[13.233,42.282],[13.228,42.293],[13.223,42.319],[13.206,42.328],[13.197,42.331],[13.185,42.336],[13.164,42.352],[13.187,42.38],[13.162,42.411],[13.124,42.441],[13.156,42.464],[13.172,42.484],[13.177,42.513],[13.157,42.535],[13.174,42.565],[13.192,42.58],[13.209,42.584],[13.231,42.579],[13.248,42.574],[13.26,42.583],[13.292,42.57],[13.315,42.575],[13.334,42.579],[13.343,42.575],[13.383,42.585],[13.39,42.608],[13.397,42.614],[13.407,42.629],[13.393,42.646],[13.371,42.649],[13.356,42.665],[13.358,42.694],[13.381,42.691],[13.401,42.691],[13.433,42.703],[13.436,42.699],[13.441,42.705],[13.438,42.707],[13.452,42.734],[13.48,42.732],[13.505,42.748],[13.505,42.775],[13.532,42.801],[13.544,42.817],[13.548,42.812],[13.574,42.8],[13.613,42.81],[13.621,42.816],[13.628,42.814],[13.635,42.804],[13.665,42.81],[13.687,42.818],[13.7,42.823],[13.708,42.845],[13.722,42.855],[13.743,42.856],[13.76,42.859],[13.801,42.867],[13.813,42.875],[13.817,42.878],[13.835,42.882],[13.877,42.89],[13.881,42.894],[13.897,42.892],[13.902,42.894],[13.92,42.888],[13.933,42.839],[13.952,42.787],[13.962,42.768],[13.975,42.753],[13.976,42.748],[13.984,42.731],[14.008,42.692],[14.032,42.661],[14.043,42.648],[14.062,42.619],[14.08,42.596],[14.096,42.579],[14.123,42.551],[14.177,42.502],[14.191,42.49],[14.197,42.487],[14.22,42.47],[14.234,42.468],[14.236,42.465],[14.23,42.465],[14.235,42.466],[14.234,42.46],[14.244,42.453],[14.29,42.423],[14.335,42.398],[14.394,42.37],[14.402,42.362],[14.41,42.348],[14.425,42.327],[14.476,42.29],[14.492,42.279],[14.5,42.274],[14.503,42.27],[14.501,42.261],[14.517,42.247],[14.542,42.236],[14.555,42.228],[14.63,42.196],[14.653,42.189],[14.712,42.173],[14.716,42.173],[14.72,42.154],[14.719,42.135],[14.722,42.131],[14.72,42.113],[14.718,42.108],[14.724,42.099],[14.743,42.086],[14.772,42.073],[14.773,42.064],[14.762,42.042],[14.772,42.04],[14.783,42.033],[14.78,42.03],[14.764,42.017],[14.754,42.015],[14.745,42.008],[14.728,42.004],[14.701,41.973],[14.695,41.97],[14.679,41.955],[14.672,41.95],[14.666,41.943],[14.665,41.938],[14.667,41.934],[14.664,41.916],[14.652,41.907],[14.637,41.898],[14.623,41.894],[14.612,41.881],[14.602,41.868],[14.599,41.862],[14.599,41.854],[14.596,41.85],[14.59,41.847],[14.58,41.834],[14.565,41.819],[14.561,41.819],[14.544,41.81],[14.539,41.802],[14.533,41.798],[14.533,41.792],[14.52,41.784],[14.502,41.774],[14.496,41.769],[14.495,41.766],[14.489,41.761],[14.477,41.762],[14.456,41.762],[14.455,41.765],[14.464,41.777],[14.454,41.803],[14.444,41.84],[14.429,41.843],[14.397,41.87],[14.377,41.868],[14.373,41.879],[14.363,41.873],[14.364,41.869],[14.357,41.86],[14.344,41.863],[14.327,41.888],[14.322,41.895],[14.306,41.893],[14.303,41.894],[14.285,41.908],[14.279,41.909],[14.269,41.899],[14.255,41.892],[14.253,41.892],[14.238,41.879],[14.216,41.853],[14.212,41.854],[14.195,41.848],[14.189,41.842],[14.169,41.843],[14.156,41.84],[14.165,41.809],[14.171,41.779],[14.181,41.773],[14.195,41.773],[14.195,41.759],[14.194,41.75],[14.194,41.748],[14.179,41.749],[14.175,41.754],[14.176,41.764],[14.173,41.766],[14.169,41.764],[14.161,41.754],[14.159,41.747],[14.122,41.746],[14.116,41.735],[14.119,41.733],[14.123,41.729],[14.11,41.709],[14.097,41.73],[14.067,41.733],[14.055,41.722],[14.053,41.711],[14.027,41.703],[14.024,41.697],[14.018,41.682],[14.009,41.686],[14.004,41.689],[13.959,41.696],[13.951,41.694],[13.943,41.689],[13.941,41.688]]],[[[14.233,42.465],[14.233,42.465]]],[[[14.233,42.466],[14.233,42.466]]]]},"properties":{"reg_name":"Abruzzo"}},{"type":"Feature","geometry":{"type":"Polygon","coordinates":[[[14.419,41.435],[14.398,41.439],[14.388,41.443],[14.349,41.451],[14.334,41.454],[14.31,41.464],[14.289,41.47],[14.29,41.474],[14.282,41.482],[14.249,41.485],[14.228,41.498],[14.188,41.497],[14.175,41.499],[14.166,41.479],[14.125,41.507],[14.118,41.497],[14.096,41.474],[14.078,41.447],[14.104,41.424],[14.103,41.403],[14.113,41.391],[14.093,41.393],[14.087,41.399],[14.055,41.397],[14.029,41.408],[14.023,41.418],[14.01,41.424],[14.004,41.433],[14.009,41.447],[13.995,41.456],[13.982,41.47],[13.977,41.492],[13.973,41.493],[13.975,41.497],[13.991,41.507],[13.995,41.513],[14.0,41.514],[14.013,41.516],[14.021,41.522],[14.028,41.524],[14.014,41.531],[14.005,41.539],[14.026,41.556],[14.01,41.566],[14.002,41.569],[14.003,41.573],[13.998,41.578],[14.004,41.616],[13.987,41.648],[13.974,41.668],[13.955,41.68],[13.949,41.681],[13.943,41.689],[13.95,41.694],[13.958,41.696],[14.003,41.69],[14.009,41.686],[14.018,41.682],[14.025,41.696],[14.024,41.699],[14.053,41.708],[14.053,41.72],[14.066,41.732],[14.095,41.732],[14.109,41.708],[14.123,41.727],[14.12,41.733],[14.116,41.735],[14.122,41.746],[14.158,41.747],[14.161,41.753],[14.164,41.76],[14.173,41.766],[14.175,41.764],[14.175,41.755],[14.178,41.75],[14.193,41.748],[14.194,41.75],[14.195,41.759],[14.197,41.772],[14.182,41.774],[14.171,41.778],[14.168,41.797],[14.151,41.831],[14.167,41.843],[14.187,41.845],[14.195,41.848],[14.212,41.854],[14.216,41.853],[14.232,41.878],[14.253,41.891],[14.255,41.892],[14.266,41.896],[14.278,41.908],[14.285,41.909],[14.3,41.899],[14.305,41.893],[14.321,41.895],[14.325,41.895],[14.343,41.863],[14.357,41.86],[14.364,41.869],[14.363,41.873],[14.371,41.879],[14.376,41.874],[14.395,41.87],[14.427,41.848],[14.442,41.841],[14.451,41.815],[14.464,41.777],[14.458,41.771],[14.456,41.763],[14.471,41.763],[14.487,41.76],[14.495,41.765],[14.497,41.769],[14.499,41.773],[14.52,41.784],[14.529,41.787],[14.533,41.798],[14.539,41.802],[14.542,41.808],[14.56,41.819],[14.565,41.819],[14.578,41.829],[14.59,41.847],[14.595,41.849],[14.599,41.853],[14.599,41.861],[14.602,41.868],[14.611,41.88],[14.622,41.894],[14.634,41.897],[14.652,41.907],[14.658,41.913],[14.667,41.934],[14.666,41.937],[14.666,41.943],[14.672,41.95],[14.679,41.955],[14.694,41.97],[14.701,41.973],[14.727,42.003],[14.744,42.008],[14.754,42.014],[14.763,42.017],[14.778,42.028],[14.783,42.033],[14.774,42.04],[14.763,42.042],[14.772,42.063],[14.78,42.07],[14.799,42.062],[14.819,42.052],[14.831,42.046],[14.863,42.033],[14.897,42.022],[14.924,42.016],[15.003,41.992],[15.021,41.984],[15.06,41.959],[15.077,41.944],[15.1,41.935],[15.137,41.926],[15.135,41.92],[15.136,41.915],[15.131,41.903],[15.138,41.891],[15.125,41.863],[15.115,41.851],[15.106,41.849],[15.104,41.831],[15.11,41.821],[15.116,41.813],[15.114,41.806],[15.112,41.786],[15.097,41.768],[15.111,41.753],[15.117,41.749],[15.106,41.749],[15.102,41.745],[15.116,41.728],[15.155,41.712],[15.134,41.698],[15.118,41.694],[15.104,41.683],[15.104,41.678],[15.104,41.673],[15.094,41.677],[15.09,41.682],[15.086,41.675],[15.056,41.66],[15.048,41.656],[15.045,41.637],[15.031,41.637],[15.024,41.626],[15.009,41.622],[14.989,41.632],[14.985,41.639],[14.976,41.639],[14.96,41.646],[14.951,41.635],[14.938,41.624],[14.934,41.619],[14.945,41.602],[14.95,41.594],[14.946,41.563],[14.937,41.544],[14.94,41.524],[14.97,41.515],[14.99,41.5],[15.006,41.486],[14.978,41.469],[14.958,41.462],[14.929,41.452],[14.912,41.452],[14.885,41.445],[14.875,41.436],[14.869,41.429],[14.865,41.426],[14.856,41.425],[14.809,41.446],[14.79,41.453],[14.785,41.452],[14.777,41.447],[14.771,41.44],[14.773,41.436],[14.765,41.425],[14.757,41.414],[14.714,41.401],[14.705,41.406],[14.666,41.399],[14.661,41.393],[14.634,41.387],[14.63,41.381],[14.615,41.368],[14.585,41.372],[14.589,41.374],[14.587,41.38],[14.574,41.39],[14.552,41.379],[14.523,41.385],[14.509,41.382],[14.497,41.388],[14.486,41.395],[14.478,41.41],[14.479,41.417],[14.457,41.426],[14.445,41.427],[14.419,41.435]]]},"properties":{"reg_name":"Molise"}},{"type":"Feature","geometry":{"type":"MultiPolygon","coordinates":[[[[14.125,41.507],[14.166,41.479],[14.175,41.499],[14.188,41.497],[14.228,41.498],[14.249,41.485],[14.282,41.482],[14.29,41.474],[14.289,41.47],[14.31,41.464],[14.334,41.454],[14.349,41.451],[14.388,41.443],[14.398,41.439],[14.419,41.435],[14.445,41.427],[14.457,41.426],[14.479,41.417],[14.478,41.41],[14.486,41.395],[14.497,41.388],[14.509,41.382],[14.523,41.385],[14.552,41.379],[14.574,41.39],[14.587,41.38],[14.589,41.374],[14.585,41.372],[14.615,41.368],[14.63,41.381],[14.634,41.387],[14.661,41.393],[14.666,41.399],[14.705,41.406],[14.714,41.401],[14.757,41.414],[14.765,41.425],[14.773,41.436],[14.771,41.44],[14.777,41.447],[14.785,41.452],[14.79,41.453],[14.809,41.446],[14.856,41.425],[14.865,41.426],[14.869,41.429],[14.875,41.436],[14.885,41.445],[14.912,41.452],[14.929,41.452],[14.958,41.462],[14.978,41.469],[15.006,41.486],[15.03,41.46],[15.033,41.453],[15.044,41.451],[15.049,41.443],[15.066,41.439],[15.082,41.432],[15.099,41.434],[15.099,41.419],[15.087,41.408],[15.089,41.401],[15.092,41.389],[15.058,41.372],[15.062,41.357],[15.068,41.348],[15.067,41.343],[15.078,41.331],[15.085,41.329],[15.102,41.327],[15.126,41.317],[15.128,41.309],[15.127,41.303],[15.137,41.297],[15.146,41.282],[15.156,41.283],[15.179,41.286],[15.199,41.283],[15.208,41.277],[15.213,41.277],[15.221,41.265],[15.233,41.271],[15.239,41.272],[15.255,41.267],[15.267,41.256],[15.266,41.237],[15.257,41.239],[15.251,41.238],[15.249,41.218],[15.263,41.199],[15.238,41.19],[15.209,41.168],[15.211,41.149],[15.257,41.117],[15.264,41.112],[15.283,41.097],[15.291,41.095],[15.324,41.1],[15.332,41.096],[15.352,41.095],[15.367,41.085],[15.393,41.101],[15.427,41.093],[15.445,41.079],[15.462,41.076],[15.478,41.079],[15.528,41.058],[15.55,41.044],[15.555,41.038],[15.563,41.03],[15.558,41.023],[15.564,41.015],[15.572,40.997],[15.57,40.993],[15.569,40.983],[15.567,40.97],[15.564,40.966],[15.548,40.953],[15.539,40.932],[15.535,40.92],[15.53,40.916],[15.529,40.912],[15.513,40.905],[15.498,40.899],[15.467,40.889],[15.473,40.874],[15.464,40.869],[15.454,40.868],[15.451,40.872],[15.415,40.881],[15.402,40.881],[15.401,40.879],[15.386,40.876],[15.376,40.885],[15.354,40.883],[15.358,40.871],[15.367,40.872],[15.377,40.845],[15.371,40.836],[15.353,40.838],[15.341,40.829],[15.352,40.825],[15.367,40.812],[15.379,40.812],[15.367,40.798],[15.38,40.795],[15.386,40.792],[15.388,40.77],[15.38,40.754],[15.383,40.734],[15.381,40.724],[15.401,40.716],[15.426,40.695],[15.458,40.678],[15.489,40.665],[15.496,40.665],[15.502,40.665],[15.498,40.652],[15.468,40.639],[15.465,40.63],[15.453,40.612],[15.461,40.604],[15.49,40.587],[15.506,40.587],[15.516,40.579],[15.521,40.57],[15.539,40.568],[15.538,40.54],[15.545,40.532],[15.55,40.509],[15.537,40.501],[15.536,40.497],[15.557,40.478],[15.579,40.469],[15.592,40.446],[15.626,40.426],[15.638,40.417],[15.651,40.408],[15.699,40.384],[15.704,40.364],[15.72,40.327],[15.729,40.32],[15.742,40.302],[15.765,40.298],[15.798,40.28],[15.806,40.273],[15.799,40.259],[15.805,40.251],[15.79,40.231],[15.795,40.221],[15.787,40.218],[15.74,40.202],[15.73,40.186],[15.716,40.169],[15.701,40.16],[15.706,40.148],[15.709,40.138],[15.704,40.119],[15.688,40.095],[15.663,40.08],[15.655,40.081],[15.652,40.078],[15.676,40.064],[15.674,40.055],[15.667,40.051],[15.647,40.045],[15.627,40.062],[15.63,40.072],[15.622,40.073],[15.618,40.069],[15.607,40.073],[15.602,40.074],[15.572,40.078],[15.515,40.069],[15.488,40.047],[15.48,40.04],[15.459,40.033],[15.427,39.997],[15.411,39.993],[15.381,40.001],[15.342,40.005],[15.333,40.014],[15.328,40.02],[15.318,40.03],[15.309,40.031],[15.292,40.024],[15.267,40.025],[15.273,40.032],[15.277,40.03],[15.28,40.03],[15.285,40.041],[15.276,40.067],[15.253,40.087],[15.21,40.12],[15.204,40.124],[15.17,40.137],[15.144,40.162],[15.118,40.177],[15.1,40.173],[15.086,40.174],[15.071,40.166],[15.051,40.171],[15.044,40.17],[15.024,40.183],[15.01,40.204],[15.0,40.211],[14.991,40.219],[14.976,40.22],[14.967,40.224],[14.961,40.229],[14.952,40.233],[14.938,40.232],[14.937,40.229],[14.933,40.229],[14.932,40.267],[14.943,40.275],[14.947,40.302],[14.944,40.314],[14.948,40.337],[14.96,40.341],[14.966,40.34],[14.972,40.344],[14.983,40.354],[14.983,40.351],[14.999,40.359],[15.001,40.378],[14.998,40.393],[14.98,40.429],[14.957,40.462],[14.941,40.485],[14.927,40.51],[14.903,40.553],[14.872,40.593],[14.849,40.618],[14.821,40.642],[14.789,40.665],[14.758,40.678],[14.752,40.674],[14.751,40.675],[14.745,40.672],[14.719,40.667],[14.698,40.642],[14.679,40.633],[14.638,40.648],[14.625,40.648],[14.608,40.634],[14.577,40.618],[14.572,40.612],[14.571,40.615],[14.539,40.613],[14.522,40.609],[14.498,40.625],[14.486,40.628],[14.464,40.618],[14.451,40.619],[14.439,40.614],[14.433,40.612],[14.407,40.599],[14.393,40.595],[14.329,40.571],[14.323,40.571],[14.325,40.591],[14.342,40.62],[14.34,40.628],[14.347,40.628],[14.365,40.628],[14.388,40.633],[14.405,40.654],[14.418,40.66],[14.435,40.673],[14.439,40.681],[14.442,40.683],[14.47,40.692],[14.478,40.696],[14.482,40.701],[14.478,40.715],[14.464,40.739],[14.457,40.747],[14.436,40.755],[14.394,40.76],[14.36,40.785],[14.339,40.805],[14.335,40.809],[14.336,40.809],[14.322,40.821],[14.287,40.84],[14.261,40.843],[14.233,40.832],[14.228,40.831],[14.221,40.828],[14.225,40.826],[14.205,40.807],[14.207,40.802],[14.207,40.803],[14.207,40.801],[14.182,40.796],[14.172,40.798],[14.167,40.795],[14.161,40.793],[14.159,40.795],[14.164,40.798],[14.172,40.799],[14.173,40.806],[14.166,40.811],[14.162,40.815],[14.158,40.818],[14.119,40.825],[14.113,40.83],[14.087,40.83],[14.078,40.826],[14.072,40.818],[14.082,40.805],[14.09,40.78],[14.086,40.78],[14.078,40.787],[14.052,40.789],[14.044,40.811],[14.048,40.845],[14.043,40.872],[14.003,40.948],[13.969,40.983],[13.918,41.036],[13.904,41.072],[13.891,41.096],[13.876,41.113],[13.853,41.14],[13.839,41.158],[13.811,41.186],[13.775,41.214],[13.771,41.24],[13.789,41.243],[13.816,41.244],[13.84,41.263],[13.828,41.281],[13.879,41.291],[13.892,41.316],[13.882,41.326],[13.873,41.338],[13.878,41.343],[13.874,41.375],[13.883,41.383],[13.88,41.39],[13.863,41.41],[13.885,41.427],[13.911,41.429],[13.953,41.455],[13.978,41.462],[14.001,41.454],[14.009,41.446],[14.002,41.432],[14.012,41.424],[14.026,41.417],[14.039,41.396],[14.061,41.398],[14.088,41.399],[14.094,41.392],[14.108,41.4],[14.103,41.404],[14.102,41.425],[14.087,41.46],[14.095,41.475],[14.119,41.497],[14.125,41.507]]],[[[14.231,40.542],[14.199,40.56],[14.217,40.561],[14.236,40.557],[14.253,40.557],[14.259,40.561],[14.263,40.561],[14.253,40.542],[14.245,40.547],[14.231,40.542]]],[[[13.954,40.707],[13.954,40.701],[13.936,40.706],[13.93,40.701],[13.919,40.698],[13.903,40.702],[13.888,40.7],[13.857,40.706],[13.858,40.715],[13.861,40.717],[13.859,40.738],[13.865,40.743],[13.866,40.753],[13.865,40.759],[13.877,40.757],[13.898,40.751],[13.907,40.749],[13.929,40.747],[13.939,40.744],[13.943,40.745],[13.955,40.741],[13.965,40.713],[13.955,40.709],[13.954,40.707]]],[[[14.253,40.54],[14.252,40.539],[14.253,40.54],[14.253,40.541],[14.254,40.54],[14.253,40.54]]],[[[14.252,40.54],[14.252,40.541],[14.253,40.541],[14.253,40.541],[14.253,40.541],[14.252,40.54]]],[[[14.257,40.543],[14.256,40.543],[14.257,40.544],[14.257,40.544],[14.257,40.544],[14.257,40.543]]],[[[14.377,40.587],[14.376,40.589],[14.377,40.587],[14.377,40.587]]],[[[14.187,40.792],[14.188,40.792],[14.187,40.791],[14.186,40.791],[14.187,40.792],[14.187,40.792]]],[[[14.159,40.808],[14.159,40.808],[14.159,40.808],[14.159,40.808]]],[[[14.221,40.825],[14.222,40.826],[14.221,40.825]]],[[[14.221,40.826],[14.221,40.826],[14.221,40.826]]],[[[14.222,40.827],[14.221,40.828],[14.222,40.827]]],[[[14.303,40.832],[14.302,40.832],[14.303,40.832]]],[[[14.017,40.77],[14.014,40.743],[14.017,40.739],[14.01,40.743],[14.007,40.749],[14.004,40.748],[14.002,40.745],[14.001,40.747],[13.995,40.747],[13.997,40.743],[13.993,40.741],[13.991,40.746],[13.995,40.749],[14.002,40.748],[14.01,40.764],[14.017,40.77]]],[[[14.464,40.73],[14.464,40.729],[14.464,40.73],[14.464,40.73]]],[[[14.36,40.785],[14.36,40.785]]],[[[14.36,40.785],[14.36,40.785]]],[[[14.36,40.786],[14.36,40.786]]],[[[14.9,40.25],[14.899,40.251],[14.899,40.252],[14.901,40.252],[14.9,40.25]]],[[[15.295,40.024],[15.294,40.024],[15.294,40.024],[15.295,40.024],[15.295,40.024]]],[[[14.431,40.579],[14.429,40.58],[14.429,40.58],[14.43,40.58],[14.431,40.579]]],[[[14.429,40.582],[14.431,40.582],[14.431,40.582],[14.429,40.581],[14.429,40.582]]],[[[14.436,40.583],[14.433,40.582],[14.435,40.583],[14.436,40.583]]]]},"properties":{"reg_name":"Campania"}},{"type":"Feature","geometry":{"type":"MultiPolygon","coordinates":[[[[15.098,41.391],[15.088,41.402],[15.087,41.409],[15.1,41.42],[15.098,41.434],[15.081,41.432],[15.065,41.44],[15.048,41.443],[15.044,41.452],[15.032,41.453],[15.03,41.46],[15.005,41.49],[14.988,41.5],[14.947,41.522],[14.939,41.525],[14.942,41.558],[14.947,41.584],[14.946,41.597],[14.947,41.61],[14.935,41.622],[14.947,41.63],[14.956,41.643],[14.961,41.646],[14.979,41.64],[14.989,41.637],[14.99,41.63],[15.023,41.622],[15.024,41.629],[15.037,41.637],[15.045,41.639],[15.05,41.657],[15.06,41.66],[15.087,41.678],[15.091,41.682],[15.095,41.674],[15.105,41.674],[15.104,41.679],[15.11,41.688],[15.121,41.695],[15.16,41.709],[15.121,41.72],[15.111,41.733],[15.102,41.747],[15.109,41.748],[15.114,41.752],[15.11,41.754],[15.097,41.77],[15.115,41.79],[15.114,41.808],[15.116,41.815],[15.109,41.821],[15.102,41.832],[15.109,41.849],[15.119,41.857],[15.133,41.875],[15.133,41.895],[15.133,41.907],[15.135,41.917],[15.135,41.923],[15.153,41.924],[15.201,41.92],[15.275,41.92],[15.344,41.914],[15.359,41.904],[15.395,41.901],[15.464,41.904],[15.59,41.922],[15.637,41.927],[15.655,41.922],[15.666,41.92],[15.678,41.915],[15.722,41.915],[15.862,41.927],[15.934,41.935],[15.989,41.945],[15.999,41.946],[16.005,41.946],[16.015,41.95],[16.026,41.946],[16.05,41.946],[16.059,41.948],[16.062,41.945],[16.09,41.939],[16.094,41.933],[16.127,41.913],[16.149,41.911],[16.157,41.896],[16.178,41.88],[16.18,41.848],[16.198,41.823],[16.195,41.811],[16.169,41.767],[16.164,41.755],[16.152,41.75],[16.127,41.739],[16.088,41.714],[16.071,41.708],[16.066,41.697],[16.039,41.68],[16.029,41.677],[16.014,41.669],[15.967,41.65],[15.959,41.649],[15.914,41.625],[15.899,41.61],[15.895,41.59],[15.897,41.561],[15.904,41.535],[15.926,41.494],[15.957,41.462],[15.996,41.438],[16.043,41.421],[16.111,41.395],[16.152,41.377],[16.196,41.361],[16.229,41.347],[16.267,41.327],[16.308,41.317],[16.352,41.307],[16.401,41.285],[16.426,41.275],[16.449,41.262],[16.466,41.257],[16.504,41.244],[16.515,41.243],[16.533,41.238],[16.537,41.235],[16.544,41.228],[16.574,41.217],[16.574,41.216],[16.587,41.207],[16.604,41.203],[16.641,41.194],[16.649,41.192],[16.68,41.185],[16.733,41.17],[16.779,41.16],[16.83,41.137],[16.84,41.139],[16.86,41.129],[16.866,41.143],[16.867,41.143],[16.87,41.142],[16.872,41.14],[16.872,41.135],[16.872,41.131],[16.89,41.119],[16.948,41.102],[16.998,41.088],[17.031,41.083],[17.058,41.076],[17.078,41.068],[17.145,41.036],[17.175,41.029],[17.202,41.006],[17.211,41.0],[17.252,40.983],[17.268,40.974],[17.283,40.969],[17.317,40.941],[17.328,40.935],[17.346,40.912],[17.345,40.91],[17.358,40.902],[17.385,40.895],[17.411,40.874],[17.468,40.84],[17.469,40.835],[17.504,40.819],[17.55,40.802],[17.564,40.798],[17.613,40.785],[17.677,40.769],[17.732,40.745],[17.775,40.72],[17.797,40.711],[17.839,40.691],[17.908,40.682],[17.93,40.68],[17.935,40.683],[17.934,40.686],[17.938,40.685],[17.946,40.673],[17.955,40.664],[17.968,40.663],[17.983,40.663],[17.973,40.663],[17.97,40.66],[17.971,40.66],[17.971,40.659],[17.968,40.66],[17.97,40.657],[17.967,40.655],[17.967,40.656],[17.968,40.659],[17.967,40.662],[17.962,40.66],[17.931,40.643],[17.927,40.64],[17.933,40.639],[17.966,40.648],[17.999,40.649],[18.015,40.628],[18.025,40.614],[18.043,40.6],[18.035,40.575],[18.035,40.571],[18.042,40.559],[18.071,40.54],[18.079,40.527],[18.087,40.521],[18.126,40.494],[18.17,40.481],[18.176,40.475],[18.186,40.469],[18.213,40.461],[18.226,40.451],[18.249,40.436],[18.268,40.419],[18.306,40.392],[18.307,40.389],[18.305,40.385],[18.316,40.373],[18.363,40.342],[18.386,40.315],[18.407,40.302],[18.406,40.303],[18.405,40.304],[18.407,40.3],[18.423,40.294],[18.432,40.279],[18.43,40.274],[18.434,40.269],[18.44,40.269],[18.447,40.253],[18.447,40.251],[18.452,40.244],[18.464,40.225],[18.462,40.218],[18.458,40.207],[18.466,40.191],[18.469,40.191],[18.478,40.179],[18.477,40.177],[18.481,40.17],[18.484,40.164],[18.491,40.154],[18.488,40.151],[18.487,40.148],[18.495,40.146],[18.508,40.142],[18.51,40.139],[18.515,40.133],[18.507,40.125],[18.52,40.107],[18.512,40.1],[18.491,40.084],[18.482,40.067],[18.479,40.062],[18.478,40.054],[18.476,40.046],[18.475,40.045],[18.441,40.027],[18.419,39.996],[18.409,39.979],[18.403,39.96],[18.394,39.912],[18.39,39.907],[18.399,39.889],[18.395,39.868],[18.391,39.852],[18.388,39.844],[18.389,39.825],[18.384,39.811],[18.365,39.797],[18.346,39.792],[18.328,39.803],[18.318,39.81],[18.309,39.812],[18.291,39.823],[18.273,39.833],[18.26,39.836],[18.205,39.839],[18.168,39.855],[18.162,39.859],[18.147,39.863],[18.094,39.899],[18.07,39.915],[18.051,39.928],[18.046,39.931],[18.03,39.949],[18.03,39.954],[18.013,39.971],[17.993,40.0],[18.008,39.996],[18.018,40.008],[18.02,40.025],[18.013,40.039],[18.005,40.047],[17.976,40.052],[17.983,40.062],[17.983,40.061],[17.99,40.059],[18.012,40.094],[18.009,40.11],[17.993,40.129],[17.979,40.142],[17.949,40.166],[17.926,40.184],[17.917,40.229],[17.907,40.238],[17.896,40.251],[17.908,40.241],[17.909,40.25],[17.901,40.258],[17.894,40.259],[17.863,40.283],[17.853,40.286],[17.844,40.285],[17.843,40.281],[17.823,40.286],[17.77,40.295],[17.767,40.293],[17.763,40.292],[17.762,40.297],[17.741,40.296],[17.733,40.3],[17.678,40.305],[17.583,40.299],[17.535,40.296],[17.508,40.295],[17.504,40.297],[17.493,40.31],[17.471,40.314],[17.466,40.316],[17.452,40.326],[17.439,40.331],[17.417,40.333],[17.386,40.337],[17.382,40.344],[17.38,40.346],[17.351,40.354],[17.341,40.361],[17.31,40.367],[17.308,40.372],[17.284,40.379],[17.269,40.389],[17.25,40.395],[17.223,40.409],[17.202,40.411],[17.202,40.413],[17.224,40.425],[17.23,40.424],[17.243,40.431],[17.24,40.468],[17.182,40.481],[17.177,40.49],[17.163,40.506],[17.148,40.508],[17.127,40.518],[17.087,40.52],[17.061,40.516],[17.041,40.512],[17.004,40.499],[16.975,40.485],[16.937,40.462],[16.885,40.418],[16.849,40.403],[16.846,40.411],[16.837,40.411],[16.815,40.431],[16.809,40.443],[16.803,40.457],[16.766,40.463],[16.755,40.468],[16.744,40.465],[16.734,40.498],[16.732,40.512],[16.723,40.534],[16.711,40.548],[16.708,40.563],[16.718,40.594],[16.724,40.602],[16.711,40.636],[16.721,40.689],[16.698,40.705],[16.725,40.714],[16.675,40.737],[16.662,40.737],[16.639,40.751],[16.589,40.758],[16.571,40.759],[16.57,40.75],[16.568,40.737],[16.562,40.748],[16.545,40.757],[16.531,40.745],[16.541,40.725],[16.524,40.744],[16.501,40.762],[16.48,40.737],[16.443,40.712],[16.398,40.71],[16.38,40.736],[16.349,40.75],[16.318,40.782],[16.287,40.798],[16.273,40.809],[16.257,40.822],[16.244,40.838],[16.235,40.852],[16.226,40.878],[16.222,40.888],[16.182,40.923],[16.163,40.929],[16.154,40.923],[16.137,40.918],[16.134,40.907],[16.121,40.898],[16.08,40.925],[16.057,40.931],[16.02,40.944],[15.977,40.958],[15.976,40.971],[16.009,40.974],[16.023,40.986],[16.029,41.009],[16.028,41.024],[16.041,41.035],[16.022,41.051],[15.999,41.054],[15.982,41.083],[15.96,41.093],[15.96,41.101],[15.919,41.112],[15.899,41.125],[15.887,41.13],[15.87,41.137],[15.857,41.131],[15.84,41.13],[15.832,41.129],[15.83,41.123],[15.808,41.114],[15.798,41.091],[15.788,41.088],[15.782,41.09],[15.768,41.083],[15.752,41.098],[15.737,41.1],[15.727,41.092],[15.675,41.09],[15.63,41.097],[15.611,41.097],[15.576,41.095],[15.562,41.089],[15.556,41.081],[15.547,41.074],[15.54,41.071],[15.541,41.067],[15.529,41.058],[15.479,41.078],[15.464,41.077],[15.446,41.078],[15.443,41.08],[15.394,41.101],[15.367,41.085],[15.357,41.09],[15.339,41.095],[15.325,41.1],[15.298,41.093],[15.288,41.097],[15.264,41.105],[15.259,41.117],[15.216,41.145],[15.208,41.156],[15.228,41.185],[15.262,41.198],[15.26,41.205],[15.246,41.236],[15.253,41.239],[15.261,41.237],[15.275,41.25],[15.256,41.266],[15.247,41.271],[15.234,41.271],[15.223,41.266],[15.214,41.277],[15.21,41.277],[15.198,41.282],[15.183,41.286],[15.158,41.283],[15.15,41.282],[15.14,41.292],[15.127,41.303],[15.128,41.308],[15.13,41.314],[15.104,41.325],[15.095,41.329],[15.08,41.33],[15.072,41.333],[15.067,41.347],[15.064,41.357],[15.059,41.371],[15.072,41.379],[15.098,41.391]],[[16.634,40.755],[16.636,40.753],[16.646,40.753],[16.646,40.755],[16.634,40.755]]],[[[15.5,42.122],[15.498,42.122],[15.498,42.123],[15.501,42.123],[15.5,42.122]]],[[[15.483,42.104],[15.476,42.107],[15.487,42.123],[15.495,42.121],[15.483,42.104]]],[[[15.504,42.119],[15.514,42.129],[15.512,42.122],[15.504,42.119]]],[[[15.509,42.129],[15.51,42.138],[15.518,42.138],[15.509,42.129]]],[[[15.744,42.226],[15.749,42.224],[15.744,42.225],[15.744,42.226]]],[[[16.2,41.815],[16.2,41.816],[16.2,41.815],[16.2,41.815]]],[[[16.189,41.844],[16.187,41.845],[16.187,41.845],[16.188,41.845],[16.189,41.844],[16.189,41.844]]],[[[16.183,41.891],[16.185,41.888],[16.185,41.888],[16.182,41.891],[16.183,41.891],[16.183,41.891]]],[[[16.111,41.928],[16.111,41.929],[16.112,41.928],[16.111,41.928]]],[[[17.176,40.439],[17.177,40.439],[17.179,40.437],[17.173,40.44],[17.174,40.44],[17.176,40.439]]],[[[17.161,40.453],[17.143,40.451],[17.152,40.451],[17.16,40.456],[17.161,40.453]]],[[[18.027,40.643],[18.027,40.643],[18.028,40.643],[18.027,40.643]]],[[[18.003,40.654],[18.003,40.655],[18.003,40.654],[18.003,40.654]]],[[[17.999,40.649],[17.997,40.655],[18.002,40.654],[17.999,40.649]]],[[[17.994,40.655],[17.993,40.657],[17.995,40.656],[17.994,40.655]]],[[[17.993,40.657],[17.992,40.657],[17.993,40.657],[17.993,40.657]]],[[[17.991,40.657],[17.991,40.657],[17.991,40.658],[17.991,40.658],[17.991,40.658],[17.991,40.657]]],[[[17.992,40.658],[17.991,40.658],[17.991,40.658],[17.992,40.658],[17.992,40.658],[17.992,40.658]]],[[[17.825,40.703],[17.825,40.703],[17.826,40.703],[17.825,40.703]]],[[[17.824,40.703],[17.824,40.704],[17.824,40.704],[17.824,40.704],[17.824,40.703]]],[[[17.81,40.712],[17.809,40.712],[17.81,40.713],[17.81,40.713],[17.81,40.712]]],[[[17.806,40.713],[17.805,40.714],[17.805,40.715],[17.805,40.715],[17.806,40.714],[17.806,40.713]]],[[[17.951,40.052],[17.955,40.051],[17.951,40.046],[17.945,40.046],[17.949,40.053],[17.951,40.052]]],[[[17.969,40.054],[17.969,40.053],[17.969,40.054],[17.969,40.054]]],[[[18.503,40.092],[18.503,40.093],[18.503,40.093],[18.503,40.092]]],[[[18.122,39.88],[18.122,39.88],[18.122,39.88],[18.122,39.88],[18.122,39.88]]],[[[18.119,39.883],[18.118,39.883],[18.118,39.883],[18.118,39.883],[18.119,39.883],[18.119,39.883],[18.119,39.883]]],[[[18.096,39.895],[18.097,39.895],[18.097,39.894],[18.096,39.894],[18.096,39.895],[18.096,39.895]]],[[[17.891,40.253],[17.889,40.254],[17.891,40.253],[17.891,40.253]]],[[[17.888,40.255],[17.883,40.258],[17.884,40.261],[17.888,40.255]]],[[[17.869,40.269],[17.864,40.271],[17.865,40.271],[17.869,40.269],[17.869,40.269]]]]},"properties":{"reg_name":"Puglia"}},{"type":"Feature","geometry":{"type":"MultiPolygon","coordinates":[[[[15.466,40.634],[15.476,40.641],[15.501,40.656],[15.502,40.665],[15.495,40.665],[15.489,40.666],[15.457,40.679],[15.415,40.706],[15.397,40.716],[15.381,40.727],[15.383,40.736],[15.384,40.764],[15.381,40.779],[15.388,40.793],[15.378,40.795],[15.37,40.802],[15.376,40.813],[15.364,40.815],[15.348,40.828],[15.339,40.83],[15.355,40.838],[15.375,40.835],[15.375,40.86],[15.365,40.872],[15.355,40.871],[15.356,40.883],[15.376,40.884],[15.388,40.876],[15.401,40.879],[15.403,40.882],[15.43,40.88],[15.452,40.871],[15.456,40.867],[15.465,40.869],[15.473,40.875],[15.468,40.89],[15.499,40.9],[15.527,40.908],[15.528,40.913],[15.533,40.918],[15.534,40.922],[15.542,40.944],[15.549,40.954],[15.566,40.967],[15.57,40.98],[15.568,40.984],[15.57,40.994],[15.572,40.998],[15.562,41.016],[15.558,41.023],[15.563,41.031],[15.554,41.038],[15.547,41.053],[15.541,41.067],[15.54,41.071],[15.547,41.074],[15.556,41.081],[15.562,41.089],[15.576,41.095],[15.611,41.097],[15.63,41.097],[15.675,41.09],[15.727,41.092],[15.737,41.1],[15.752,41.098],[15.768,41.083],[15.782,41.09],[15.788,41.088],[15.798,41.091],[15.808,41.114],[15.83,41.123],[15.832,41.129],[15.84,41.13],[15.857,41.131],[15.87,41.137],[15.887,41.13],[15.899,41.125],[15.919,41.112],[15.96,41.101],[15.96,41.093],[15.982,41.083],[15.999,41.054],[16.022,41.051],[16.041,41.035],[16.028,41.024],[16.029,41.009],[16.023,40.986],[16.009,40.974],[15.976,40.971],[15.977,40.958],[16.02,40.944],[16.057,40.931],[16.08,40.925],[16.121,40.898],[16.134,40.907],[16.137,40.918],[16.154,40.923],[16.163,40.929],[16.182,40.923],[16.222,40.888],[16.226,40.878],[16.235,40.852],[16.244,40.838],[16.257,40.822],[16.273,40.809],[16.287,40.798],[16.318,40.782],[16.349,40.75],[16.38,40.736],[16.398,40.71],[16.443,40.712],[16.48,40.737],[16.501,40.762],[16.524,40.744],[16.541,40.725],[16.531,40.745],[16.545,40.757],[16.562,40.748],[16.568,40.737],[16.57,40.75],[16.571,40.759],[16.589,40.758],[16.639,40.751],[16.662,40.737],[16.675,40.737],[16.725,40.714],[16.698,40.705],[16.721,40.689],[16.711,40.636],[16.724,40.602],[16.718,40.594],[16.708,40.563],[16.711,40.548],[16.723,40.534],[16.732,40.512],[16.734,40.498],[16.744,40.465],[16.755,40.468],[16.766,40.463],[16.803,40.457],[16.809,40.443],[16.815,40.431],[16.837,40.411],[16.846,40.411],[16.849,40.403],[16.85,40.374],[16.822,40.342],[16.782,40.297],[16.769,40.274],[16.738,40.215],[16.705,40.172],[16.683,40.143],[16.664,40.132],[16.628,40.13],[16.611,40.129],[16.587,40.133],[16.566,40.128],[16.544,40.125],[16.53,40.118],[16.497,40.126],[16.484,40.128],[16.452,40.135],[16.424,40.14],[16.421,40.131],[16.418,40.126],[16.412,40.113],[16.412,40.091],[16.414,40.08],[16.406,40.072],[16.393,40.042],[16.399,40.018],[16.391,40.003],[16.373,39.986],[16.371,39.983],[16.361,39.969],[16.362,39.964],[16.358,39.954],[16.354,39.952],[16.348,39.95],[16.338,39.935],[16.359,39.917],[16.351,39.899],[16.334,39.913],[16.31,39.934],[16.304,39.933],[16.282,39.931],[16.27,39.936],[16.247,39.93],[16.243,39.927],[16.22,39.928],[16.214,39.926],[16.219,39.919],[16.216,39.899],[16.19,39.905],[16.173,39.913],[16.168,39.916],[16.159,39.919],[16.135,39.903],[16.104,39.907],[16.083,39.897],[16.055,39.899],[16.043,39.911],[16.017,39.925],[16.021,39.933],[16.014,39.941],[16.007,39.959],[16.023,39.978],[16.031,39.979],[16.034,39.984],[16.023,39.996],[16.005,39.992],[15.979,39.982],[15.952,39.994],[15.923,40.0],[15.907,39.987],[15.898,39.982],[15.893,39.988],[15.877,39.996],[15.857,40.001],[15.837,40.003],[15.819,39.996],[15.798,39.976],[15.795,39.971],[15.788,39.968],[15.78,39.966],[15.773,39.96],[15.771,39.957],[15.772,39.951],[15.763,39.928],[15.752,39.932],[15.749,39.934],[15.746,39.933],[15.719,39.978],[15.687,40.002],[15.665,40.039],[15.661,40.04],[15.644,40.042],[15.654,40.047],[15.668,40.052],[15.674,40.055],[15.676,40.064],[15.652,40.078],[15.656,40.081],[15.669,40.081],[15.69,40.099],[15.703,40.12],[15.709,40.139],[15.705,40.148],[15.701,40.161],[15.716,40.17],[15.73,40.187],[15.751,40.202],[15.788,40.218],[15.796,40.222],[15.788,40.236],[15.803,40.254],[15.8,40.268],[15.806,40.274],[15.797,40.281],[15.754,40.3],[15.741,40.303],[15.73,40.321],[15.719,40.328],[15.705,40.365],[15.684,40.392],[15.65,40.408],[15.636,40.419],[15.609,40.433],[15.587,40.452],[15.578,40.469],[15.556,40.478],[15.536,40.498],[15.537,40.502],[15.549,40.511],[15.544,40.532],[15.538,40.541],[15.533,40.573],[15.52,40.57],[15.516,40.579],[15.504,40.587],[15.489,40.588],[15.46,40.605],[15.453,40.613],[15.465,40.631],[15.466,40.634]]],[[[15.715,39.967],[15.715,39.968],[15.717,39.967],[15.715,39.967]]],[[[16.634,40.755],[16.646,40.755],[16.646,40.753],[16.636,40.753],[16.634,40.755]]]]},"properties":{"reg_name":"Basilicata"}},{"type":"Feature","geometry":{"type":"MultiPolygon","coordinates":[[[[15.974,39.467],[15.954,39.488],[15.929,39.522],[15.918,39.529],[15.89,39.54],[15.874,39.554],[15.867,39.575],[15.862,39.586],[15.849,39.622],[15.843,39.632],[15.83,39.67],[15.813,39.694],[15.809,39.72],[15.794,39.775],[15.791,39.792],[15.786,39.817],[15.779,39.82],[15.775,39.826],[15.769,39.837],[15.787,39.848],[15.79,39.851],[15.791,39.865],[15.783,39.882],[15.779,39.894],[15.758,39.925],[15.766,39.931],[15.771,39.955],[15.772,39.959],[15.779,39.965],[15.784,39.967],[15.794,39.971],[15.797,39.973],[15.816,39.995],[15.82,40.002],[15.854,40.004],[15.874,39.994],[15.891,39.994],[15.896,39.983],[15.904,39.986],[15.921,39.998],[15.948,39.996],[15.978,39.983],[16.005,39.99],[16.008,39.996],[16.031,39.993],[16.032,39.98],[16.027,39.977],[16.018,39.971],[16.007,39.957],[16.022,39.934],[16.016,39.926],[16.038,39.916],[16.054,39.898],[16.082,39.896],[16.096,39.905],[16.121,39.905],[16.146,39.909],[16.164,39.917],[16.17,39.915],[16.188,39.908],[16.212,39.897],[16.219,39.918],[16.215,39.924],[16.217,39.928],[16.238,39.925],[16.246,39.929],[16.268,39.936],[16.281,39.932],[16.302,39.932],[16.308,39.935],[16.317,39.928],[16.35,39.899],[16.355,39.901],[16.348,39.925],[16.347,39.949],[16.353,39.952],[16.357,39.953],[16.362,39.96],[16.36,39.967],[16.369,39.977],[16.371,39.985],[16.389,40.001],[16.399,40.017],[16.395,40.028],[16.4,40.057],[16.411,40.077],[16.412,40.089],[16.414,40.102],[16.41,40.123],[16.42,40.129],[16.42,40.142],[16.451,40.134],[16.478,40.131],[16.487,40.127],[16.524,40.124],[16.538,40.122],[16.564,40.129],[16.572,40.126],[16.603,40.129],[16.621,40.132],[16.644,40.117],[16.619,40.096],[16.606,40.08],[16.602,40.065],[16.604,40.056],[16.6,40.048],[16.599,40.041],[16.606,40.026],[16.609,40.013],[16.61,39.999],[16.622,39.973],[16.628,39.969],[16.63,39.964],[16.625,39.954],[16.619,39.951],[16.581,39.909],[16.573,39.904],[16.535,39.866],[16.517,39.843],[16.501,39.825],[16.494,39.811],[16.49,39.8],[16.487,39.768],[16.493,39.751],[16.507,39.735],[16.527,39.708],[16.523,39.674],[16.518,39.669],[16.524,39.659],[16.54,39.656],[16.566,39.641],[16.598,39.628],[16.619,39.622],[16.636,39.62],[16.667,39.62],[16.686,39.621],[16.713,39.618],[16.735,39.616],[16.742,39.619],[16.756,39.624],[16.782,39.613],[16.787,39.608],[16.797,39.602],[16.816,39.589],[16.825,39.57],[16.844,39.554],[16.859,39.546],[16.863,39.543],[16.864,39.541],[16.867,39.538],[16.904,39.522],[16.949,39.5],[16.993,39.49],[17.025,39.483],[17.027,39.48],[17.031,39.474],[17.039,39.454],[17.052,39.439],[17.079,39.423],[17.094,39.416],[17.12,39.405],[17.142,39.402],[17.157,39.401],[17.153,39.394],[17.134,39.371],[17.133,39.36],[17.114,39.322],[17.109,39.307],[17.109,39.283],[17.105,39.263],[17.11,39.247],[17.116,39.24],[17.124,39.23],[17.139,39.216],[17.146,39.208],[17.143,39.192],[17.123,39.158],[17.11,39.124],[17.111,39.096],[17.123,39.085],[17.129,39.093],[17.127,39.096],[17.137,39.077],[17.136,39.082],[17.132,39.066],[17.147,39.046],[17.201,39.027],[17.194,39.022],[17.174,39.007],[17.16,38.981],[17.162,38.966],[17.167,38.964],[17.155,38.947],[17.14,38.935],[17.1,38.904],[17.097,38.895],[17.09,38.894],[17.093,38.905],[17.089,38.91],[17.083,38.913],[17.042,38.919],[17.03,38.915],[17.024,38.906],[16.999,38.928],[16.987,38.936],[16.979,38.938],[16.958,38.939],[16.891,38.928],[16.836,38.915],[16.807,38.907],[16.776,38.896],[16.705,38.862],[16.655,38.835],[16.633,38.827],[16.622,38.824],[16.605,38.811],[16.602,38.806],[16.589,38.791],[16.569,38.769],[16.567,38.765],[16.564,38.753],[16.558,38.746],[16.543,38.727],[16.537,38.718],[16.535,38.711],[16.546,38.692],[16.548,38.691],[16.551,38.692],[16.556,38.687],[16.557,38.668],[16.561,38.62],[16.567,38.605],[16.569,38.582],[16.572,38.57],[16.573,38.557],[16.572,38.533],[16.577,38.506],[16.58,38.484],[16.578,38.442],[16.567,38.423],[16.516,38.377],[16.494,38.358],[16.473,38.344],[16.46,38.337],[16.408,38.321],[16.366,38.307],[16.352,38.305],[16.337,38.301],[16.33,38.298],[16.318,38.288],[16.312,38.28],[16.308,38.275],[16.298,38.266],[16.292,38.262],[16.285,38.256],[16.246,38.212],[16.218,38.185],[16.211,38.177],[16.179,38.147],[16.172,38.143],[16.167,38.139],[16.162,38.131],[16.158,38.097],[16.151,38.075],[16.143,38.042],[16.143,38.029],[16.116,37.982],[16.068,37.929],[16.025,37.923],[16.0,37.917],[15.973,37.92],[15.955,37.92],[15.931,37.929],[15.916,37.929],[15.851,37.922],[15.83,37.918],[15.819,37.92],[15.803,37.92],[15.764,37.916],[15.756,37.919],[15.749,37.924],[15.741,37.926],[15.702,37.944],[15.697,37.949],[15.678,37.954],[15.647,37.991],[15.636,38.009],[15.638,38.021],[15.652,38.029],[15.657,38.039],[15.657,38.041],[15.654,38.044],[15.651,38.048],[15.652,38.062],[15.652,38.066],[15.642,38.072],[15.634,38.077],[15.631,38.102],[15.644,38.111],[15.654,38.15],[15.653,38.157],[15.64,38.17],[15.634,38.186],[15.634,38.207],[15.637,38.232],[15.67,38.24],[15.68,38.247],[15.719,38.254],[15.761,38.263],[15.817,38.3],[15.816,38.303],[15.828,38.323],[15.829,38.338],[15.848,38.37],[15.862,38.387],[15.862,38.391],[15.861,38.394],[15.875,38.419],[15.885,38.433],[15.898,38.45],[15.911,38.478],[15.919,38.507],[15.931,38.537],[15.931,38.546],[15.928,38.55],[15.901,38.565],[15.898,38.572],[15.893,38.578],[15.862,38.599],[15.848,38.611],[15.833,38.618],[15.829,38.617],[15.848,38.659],[15.865,38.667],[15.877,38.673],[15.88,38.673],[15.905,38.683],[15.924,38.687],[15.954,38.695],[15.963,38.703],[15.97,38.713],[15.987,38.723],[16.019,38.726],[16.046,38.724],[16.078,38.718],[16.106,38.712],[16.124,38.716],[16.134,38.717],[16.142,38.722],[16.157,38.734],[16.164,38.739],[16.183,38.748],[16.207,38.794],[16.216,38.82],[16.221,38.847],[16.22,38.896],[16.218,38.92],[16.216,38.926],[16.2,38.932],[16.197,38.932],[16.176,38.945],[16.16,38.949],[16.153,38.955],[16.146,38.973],[16.143,38.976],[16.124,39.004],[16.098,39.034],[16.085,39.085],[16.083,39.095],[16.076,39.113],[16.07,39.125],[16.065,39.146],[16.063,39.159],[16.062,39.196],[16.06,39.202],[16.051,39.298],[16.048,39.304],[16.038,39.344],[16.028,39.365],[16.02,39.385],[15.998,39.436],[15.991,39.448],[15.978,39.463],[15.974,39.467]]],[[[15.801,39.697],[15.8,39.7],[15.802,39.7],[15.803,39.698],[15.801,39.697]]],[[[15.779,39.872],[15.769,39.873],[15.78,39.874],[15.779,39.872]]],[[[15.779,39.848],[15.778,39.848],[15.779,39.848],[15.779,39.848],[15.779,39.848]]],[[[15.788,39.856],[15.788,39.857],[15.789,39.857],[15.788,39.856],[15.788,39.856]]]]},"properties":{"reg_name":"Calabria"}},{"type":"Feature","geometry":{"type":"MultiPolygon","coordinates":[[[[12.908,38.025],[12.933,38.028],[12.966,38.036],[12.996,38.047],[13.048,38.073],[13.055,38.074],[13.078,38.088],[13.072,38.111],[13.053,38.138],[13.074,38.152],[13.081,38.155],[13.08,38.157],[13.085,38.162],[13.09,38.182],[13.12,38.192],[13.139,38.183],[13.16,38.186],[13.162,38.174],[13.164,38.171],[13.19,38.169],[13.224,38.179],[13.242,38.19],[13.243,38.199],[13.241,38.204],[13.247,38.2],[13.255,38.199],[13.266,38.2],[13.274,38.198],[13.277,38.202],[13.318,38.224],[13.326,38.206],[13.327,38.202],[13.331,38.198],[13.356,38.191],[13.368,38.175],[13.369,38.144],[13.373,38.133],[13.363,38.134],[13.384,38.109],[13.435,38.096],[13.462,38.097],[13.492,38.103],[13.513,38.117],[13.538,38.112],[13.539,38.098],[13.54,38.073],[13.538,38.065],[13.551,38.052],[13.593,38.027],[13.612,38.018],[13.632,38.008],[13.652,37.998],[13.696,37.991],[13.721,37.987],[13.709,37.978],[13.742,37.971],[13.755,37.971],[13.799,37.975],[13.823,37.983],[13.849,37.987],[13.899,38.005],[13.979,38.029],[14.007,38.033],[14.031,38.04],[14.032,38.038],[14.062,38.019],[14.073,38.019],[14.108,38.015],[14.143,38.024],[14.146,38.027],[14.171,38.018],[14.18,38.021],[14.198,38.016],[14.227,38.011],[14.242,38.01],[14.258,38.009],[14.288,38.007],[14.339,38.019],[14.35,38.019],[14.357,38.015],[14.387,38.021],[14.394,38.023],[14.41,38.031],[14.427,38.041],[14.442,38.039],[14.445,38.035],[14.458,38.033],[14.531,38.044],[14.553,38.058],[14.562,38.06],[14.572,38.059],[14.587,38.059],[14.598,38.063],[14.61,38.07],[14.627,38.07],[14.636,38.073],[14.668,38.092],[14.703,38.122],[14.727,38.146],[14.75,38.166],[14.778,38.154],[14.784,38.152],[14.79,38.152],[14.815,38.159],[14.835,38.162],[14.857,38.169],[14.876,38.168],[14.917,38.192],[14.948,38.172],[14.964,38.157],[14.969,38.153],[15.012,38.149],[15.047,38.15],[15.07,38.127],[15.074,38.122],[15.085,38.12],[15.09,38.12],[15.101,38.122],[15.119,38.13],[15.138,38.139],[15.175,38.154],[15.186,38.163],[15.204,38.179],[15.225,38.203],[15.237,38.231],[15.24,38.245],[15.236,38.25],[15.237,38.261],[15.234,38.267],[15.231,38.272],[15.245,38.262],[15.247,38.229],[15.243,38.226],[15.249,38.211],[15.272,38.207],[15.316,38.211],[15.377,38.224],[15.407,38.235],[15.458,38.257],[15.482,38.273],[15.51,38.292],[15.543,38.301],[15.562,38.293],[15.583,38.283],[15.629,38.272],[15.645,38.272],[15.652,38.269],[15.626,38.26],[15.585,38.247],[15.565,38.215],[15.558,38.191],[15.562,38.189],[15.562,38.195],[15.574,38.197],[15.573,38.191],[15.53,38.141],[15.489,38.069],[15.48,38.062],[15.464,38.045],[15.442,38.025],[15.439,38.017],[15.423,38.002],[15.418,37.995],[15.371,37.946],[15.352,37.926],[15.345,37.916],[15.349,37.913],[15.344,37.91],[15.311,37.882],[15.303,37.874],[15.297,37.864],[15.297,37.86],[15.287,37.848],[15.273,37.836],[15.269,37.83],[15.27,37.827],[15.263,37.813],[15.243,37.794],[15.21,37.75],[15.205,37.737],[15.214,37.721],[15.217,37.705],[15.205,37.688],[15.199,37.675],[15.196,37.661],[15.199,37.655],[15.18,37.638],[15.174,37.595],[15.177,37.576],[15.168,37.573],[15.152,37.558],[15.145,37.545],[15.125,37.535],[15.116,37.529],[15.101,37.506],[15.101,37.488],[15.1,37.488],[15.09,37.5],[15.085,37.48],[15.087,37.45],[15.091,37.363],[15.094,37.334],[15.104,37.311],[15.14,37.306],[15.163,37.289],[15.166,37.291],[15.171,37.293],[15.186,37.287],[15.186,37.28],[15.198,37.289],[15.207,37.293],[15.239,37.262],[15.244,37.25],[15.245,37.248],[15.246,37.246],[15.255,37.244],[15.254,37.241],[15.254,37.236],[15.254,37.234],[15.237,37.239],[15.236,37.241],[15.229,37.243],[15.224,37.239],[15.224,37.222],[15.225,37.216],[15.217,37.223],[15.218,37.238],[15.214,37.247],[15.204,37.242],[15.205,37.24],[15.19,37.232],[15.193,37.223],[15.183,37.209],[15.19,37.188],[15.21,37.151],[15.221,37.15],[15.227,37.153],[15.233,37.159],[15.244,37.146],[15.234,37.149],[15.23,37.153],[15.224,37.151],[15.22,37.143],[15.233,37.121],[15.245,37.114],[15.266,37.114],[15.269,37.107],[15.287,37.109],[15.301,37.08],[15.298,37.079],[15.299,37.061],[15.294,37.054],[15.28,37.066],[15.271,37.057],[15.278,37.036],[15.288,37.033],[15.292,37.034],[15.303,37.043],[15.333,37.014],[15.334,37.002],[15.311,37.007],[15.299,37.015],[15.286,37.007],[15.28,37.008],[15.265,36.999],[15.262,36.982],[15.259,36.973],[15.23,36.97],[15.22,36.962],[15.214,36.964],[15.208,36.963],[15.19,36.948],[15.178,36.937],[15.177,36.933],[15.16,36.92],[15.156,36.917],[15.145,36.898],[15.137,36.878],[15.137,36.867],[15.128,36.866],[15.111,36.848],[15.11,36.817],[15.094,36.798],[15.094,36.778],[15.101,36.768],[15.104,36.756],[15.116,36.744],[15.117,36.74],[15.121,36.732],[15.122,36.715],[15.126,36.699],[15.135,36.691],[15.132,36.667],[15.126,36.67],[15.117,36.675],[15.109,36.669],[15.081,36.648],[15.077,36.652],[15.064,36.662],[15.055,36.665],[15.05,36.68],[15.042,36.689],[15.018,36.702],[15.004,36.703],[14.973,36.693],[14.947,36.701],[14.912,36.723],[14.888,36.73],[14.861,36.73],[14.834,36.722],[14.841,36.71],[14.839,36.708],[14.818,36.717],[14.81,36.714],[14.797,36.707],[14.78,36.704],[14.762,36.71],[14.756,36.713],[14.756,36.715],[14.748,36.72],[14.741,36.721],[14.71,36.719],[14.701,36.717],[14.685,36.725],[14.678,36.736],[14.661,36.747],[14.647,36.753],[14.641,36.76],[14.619,36.766],[14.595,36.772],[14.591,36.776],[14.555,36.783],[14.544,36.782],[14.53,36.781],[14.514,36.788],[14.497,36.787],[14.464,36.817],[14.46,36.823],[14.456,36.839],[14.453,36.843],[14.447,36.863],[14.438,36.88],[14.428,36.892],[14.411,36.918],[14.388,36.95],[14.359,36.982],[14.3,37.034],[14.244,37.065],[14.239,37.067],[14.197,37.082],[14.135,37.099],[14.079,37.11],[14.035,37.106],[13.994,37.11],[13.971,37.107],[13.93,37.097],[13.925,37.099],[13.909,37.097],[13.858,37.117],[13.842,37.135],[13.83,37.142],[13.815,37.146],[13.793,37.146],[13.74,37.156],[13.736,37.162],[13.724,37.171],[13.718,37.171],[13.669,37.193],[13.656,37.212],[13.642,37.227],[13.628,37.235],[13.605,37.25],[13.577,37.268],[13.561,37.282],[13.551,37.287],[13.524,37.287],[13.5,37.292],[13.467,37.294],[13.448,37.296],[13.426,37.31],[13.415,37.32],[13.403,37.332],[13.39,37.335],[13.374,37.347],[13.351,37.359],[13.343,37.36],[13.322,37.364],[13.312,37.376],[13.298,37.387],[13.287,37.391],[13.276,37.39],[13.266,37.404],[13.245,37.431],[13.228,37.446],[13.213,37.462],[13.201,37.464],[13.194,37.468],[13.188,37.479],[13.169,37.492],[13.134,37.495],[13.131,37.492],[13.093,37.503],[13.05,37.503],[13.039,37.496],[13.012,37.5],[13.015,37.507],[13.009,37.517],[12.99,37.54],[12.982,37.546],[12.958,37.566],[12.914,37.577],[12.91,37.573],[12.888,37.577],[12.862,37.582],[12.851,37.582],[12.765,37.579],[12.726,37.569],[12.673,37.56],[12.649,37.576],[12.629,37.602],[12.619,37.618],[12.613,37.636],[12.601,37.644],[12.568,37.66],[12.561,37.662],[12.554,37.663],[12.539,37.66],[12.518,37.663],[12.494,37.687],[12.484,37.692],[12.471,37.706],[12.475,37.71],[12.472,37.738],[12.463,37.757],[12.457,37.768],[12.455,37.774],[12.44,37.791],[12.452,37.813],[12.469,37.835],[12.477,37.856],[12.486,37.874],[12.482,37.882],[12.459,37.908],[12.466,37.914],[12.476,37.929],[12.498,37.97],[12.494,37.979],[12.509,38.004],[12.499,38.015],[12.492,38.017],[12.512,38.018],[12.528,38.031],[12.56,38.064],[12.593,38.066],[12.604,38.065],[12.64,38.076],[12.647,38.084],[12.662,38.093],[12.662,38.098],[12.657,38.102],[12.664,38.113],[12.671,38.114],[12.688,38.106],[12.711,38.111],[12.735,38.136],[12.717,38.171],[12.723,38.185],[12.73,38.189],[12.735,38.188],[12.732,38.181],[12.733,38.18],[12.733,38.18],[12.734,38.18],[12.736,38.177],[12.742,38.176],[12.767,38.18],[12.771,38.168],[12.767,38.164],[12.771,38.151],[12.779,38.151],[12.797,38.102],[12.817,38.08],[12.827,38.067],[12.862,38.052],[12.872,38.042],[12.871,38.04],[12.879,38.029],[12.908,38.025]]],[[[12.529,38.064],[12.53,38.065],[12.529,38.064],[12.529,38.064]]],[[[12.299,37.912],[12.298,37.912],[12.298,37.912],[12.298,37.913],[12.299,37.912],[12.299,37.912],[12.299,37.912]]],[[[12.289,37.914],[12.289,37.914],[12.29,37.915],[12.291,37.914],[12.289,37.914],[12.289,37.914]]],[[[12.302,37.916],[12.303,37.914],[12.302,37.916],[12.302,37.916]]],[[[12.308,37.952],[12.324,37.929],[12.326,37.93],[12.35,37.934],[12.349,37.931],[12.365,37.922],[12.371,37.918],[12.35,37.908],[12.313,37.92],[12.274,37.936],[12.281,37.946],[12.286,37.944],[12.287,37.942],[12.301,37.95],[12.308,37.953],[12.308,37.952]]],[[[12.064,37.99],[12.077,37.963],[12.092,37.948],[12.065,37.951],[12.045,37.962],[12.033,37.989],[12.028,37.989],[12.039,37.993],[12.065,37.993],[12.064,37.99]]],[[[12.327,37.987],[12.328,37.987],[12.329,37.987],[12.329,37.986],[12.327,37.987],[12.327,37.987]]],[[[12.426,37.988],[12.424,37.988],[12.423,37.988],[12.425,37.99],[12.427,37.989],[12.426,37.988]]],[[[12.417,37.988],[12.416,37.988],[12.413,37.99],[12.411,37.992],[12.412,37.992],[12.417,37.988],[12.417,37.988]]],[[[12.334,38.021],[12.346,37.999],[12.351,37.988],[12.327,37.99],[12.32,38.001],[12.332,38.019],[12.334,38.021]]],[[[12.457,37.863],[12.456,37.863],[12.457,37.863],[12.457,37.863]]],[[[12.471,37.87],[12.471,37.866],[12.465,37.864],[12.467,37.87],[12.471,37.87]]],[[[12.465,37.878],[12.462,37.879],[12.455,37.887],[12.465,37.88],[12.465,37.879],[12.465,37.879],[12.465,37.878]]],[[[12.45,37.896],[12.446,37.889],[12.448,37.868],[12.451,37.848],[12.439,37.868],[12.437,37.88],[12.429,37.89],[12.434,37.896],[12.45,37.901],[12.45,37.896]]],[[[11.955,36.839],[11.986,36.824],[12.004,36.821],[12.013,36.825],[12.049,36.8],[12.045,36.747],[11.992,36.738],[11.978,36.753],[11.967,36.767],[11.957,36.768],[11.954,36.779],[11.939,36.792],[11.932,36.828],[11.955,36.839]]],[[[12.497,38.012],[12.489,38.012],[12.496,38.012],[12.497,38.012]]],[[[12.489,38.012],[12.488,38.013],[12.489,38.013],[12.489,38.012]]],[[[12.47,37.731],[12.469,37.731],[12.469,37.731],[12.47,37.731]]],[[[13.235,38.213],[13.237,38.208],[13.234,38.211],[13.235,38.213]]],[[[13.18,38.721],[13.197,38.714],[13.2,38.709],[13.16,38.691],[13.159,38.712],[13.18,38.721]]],[[[14.847,38.538],[14.808,38.553],[14.803,38.555],[14.796,38.562],[14.799,38.57],[14.845,38.579],[14.852,38.58],[14.871,38.577],[14.873,38.567],[14.868,38.552],[14.87,38.539],[14.871,38.537],[14.847,38.538]]],[[[14.939,38.399],[14.938,38.4],[14.939,38.4],[14.939,38.399]]],[[[14.964,38.412],[15.0,38.386],[14.985,38.367],[14.974,38.372],[14.957,38.382],[14.951,38.384],[14.939,38.409],[14.954,38.422],[14.954,38.428],[14.96,38.432],[14.968,38.423],[14.964,38.412]]],[[[14.962,38.521],[14.964,38.503],[14.962,38.493],[14.965,38.488],[14.971,38.485],[14.976,38.486],[14.981,38.483],[14.977,38.478],[14.964,38.479],[14.962,38.479],[14.955,38.474],[14.958,38.457],[14.962,38.454],[14.959,38.443],[14.946,38.441],[14.934,38.46],[14.925,38.462],[14.912,38.465],[14.898,38.49],[14.904,38.509],[14.928,38.523],[14.931,38.521],[14.946,38.52],[14.962,38.521]]],[[[14.352,38.531],[14.343,38.533],[14.34,38.539],[14.344,38.552],[14.358,38.554],[14.364,38.553],[14.366,38.55],[14.36,38.532],[14.352,38.531],[14.352,38.531]]],[[[14.587,38.559],[14.59,38.559],[14.593,38.559],[14.593,38.556],[14.584,38.554],[14.584,38.555],[14.576,38.558],[14.559,38.558],[14.539,38.578],[14.562,38.585],[14.581,38.574],[14.58,38.57],[14.58,38.562],[14.585,38.559],[14.587,38.559]]],[[[15.063,38.624],[15.062,38.624],[15.063,38.625],[15.064,38.625],[15.063,38.624]]],[[[15.107,38.635],[15.106,38.635],[15.107,38.635],[15.107,38.635],[15.107,38.635]]],[[[15.111,38.637],[15.111,38.638],[15.11,38.639],[15.111,38.638],[15.111,38.637]]],[[[15.097,38.639],[15.096,38.639],[15.098,38.64],[15.098,38.639],[15.098,38.639],[15.097,38.639]]],[[[15.114,38.639],[15.113,38.64],[15.116,38.639],[15.114,38.639]]],[[[15.065,38.647],[15.064,38.647],[15.064,38.647],[15.064,38.647],[15.065,38.647]]],[[[15.059,38.625],[15.057,38.637],[15.07,38.647],[15.078,38.641],[15.059,38.625]]],[[[15.109,38.664],[15.109,38.664],[15.108,38.665],[15.109,38.665],[15.109,38.664]]],[[[15.118,38.661],[15.11,38.662],[15.11,38.664],[15.118,38.664],[15.118,38.662],[15.118,38.661]]],[[[15.215,38.771],[15.195,38.78],[15.19,38.796],[15.207,38.804],[15.22,38.812],[15.242,38.805],[15.243,38.802],[15.232,38.79],[15.23,38.784],[15.215,38.771]]],[[[15.301,37.851],[15.301,37.849],[15.3,37.85],[15.301,37.851]]],[[[12.56,35.509],[12.558,35.51],[12.558,35.511],[12.56,35.51],[12.56,35.509]]],[[[12.529,35.529],[12.528,35.529],[12.528,35.529],[12.529,35.529],[12.529,35.529],[12.529,35.529]]],[[[12.531,35.529],[12.545,35.528],[12.576,35.523],[12.599,35.522],[12.632,35.518],[12.633,35.501],[12.605,35.502],[12.6,35.498],[12.569,35.511],[12.518,35.52],[12.531,35.529]]],[[[12.321,35.551],[12.32,35.551],[12.32,35.552],[12.321,35.553],[12.323,35.552],[12.321,35.551]]],[[[12.877,35.875],[12.883,35.858],[12.875,35.856],[12.849,35.869],[12.861,35.876],[12.873,35.875],[12.877,35.875]]],[[[13.857,37.112],[13.856,37.113],[13.857,37.112],[13.857,37.112]]],[[[15.166,37.559],[15.165,37.56],[15.166,37.56],[15.166,37.559]]],[[[15.167,37.56],[15.166,37.561],[15.167,37.562],[15.168,37.561],[15.167,37.56]]],[[[14.932,36.686],[14.932,36.686],[14.932,36.686],[14.933,36.686],[14.932,36.686]]],[[[15.206,37.236],[15.204,37.236],[15.205,37.237],[15.206,37.236],[15.206,37.236]]],[[[15.247,37.248],[15.247,37.248]]],[[[15.106,36.791],[15.104,36.792],[15.106,36.792],[15.106,36.791]]],[[[15.119,36.738],[15.118,36.738],[15.119,36.738],[15.119,36.738]]],[[[15.265,36.979],[15.263,36.979],[15.264,36.98],[15.265,36.979]]],[[[15.144,36.682],[15.146,36.688],[15.154,36.689],[15.144,36.682]]]]},"properties":{"reg_name":"Sicilia"}},{"type":"Feature","geometry":{"type":"MultiPolygon","coordinates":[[[[8.337,40.499],[8.337,40.5],[8.337,40.499]]],[[[8.3,40.572],[8.3,40.572],[8.3,40.573],[8.301,40.572],[8.3,40.572]]],[[[8.152,40.569],[8.15,40.57],[8.151,40.572],[8.152,40.572],[8.153,40.572],[8.152,40.569],[8.152,40.569]]],[[[8.141,40.605],[8.144,40.605],[8.145,40.605],[8.14,40.602],[8.138,40.603],[8.14,40.605],[8.141,40.605]]],[[[8.368,40.496],[8.362,40.495],[8.322,40.544],[8.318,40.568],[8.307,40.586],[8.295,40.593],[8.268,40.59],[8.246,40.582],[8.232,40.569],[8.198,40.576],[8.217,40.594],[8.212,40.612],[8.205,40.617],[8.194,40.618],[8.189,40.616],[8.167,40.584],[8.162,40.578],[8.166,40.567],[8.162,40.561],[8.159,40.573],[8.147,40.597],[8.146,40.626],[8.163,40.63],[8.198,40.674],[8.199,40.678],[8.205,40.683],[8.193,40.692],[8.187,40.691],[8.174,40.698],[8.173,40.705],[8.153,40.719],[8.139,40.728],[8.152,40.749],[8.16,40.792],[8.167,40.796],[8.192,40.822],[8.207,40.85],[8.201,40.91],[8.19,40.921],[8.177,40.933],[8.198,40.969],[8.204,40.972],[8.232,40.954],[8.233,40.94],[8.236,40.916],[8.233,40.915],[8.234,40.909],[8.279,40.866],[8.313,40.846],[8.327,40.844],[8.365,40.853],[8.367,40.852],[8.35,40.849],[8.381,40.838],[8.403,40.839],[8.437,40.828],[8.468,40.819],[8.523,40.824],[8.549,40.828],[8.579,40.838],[8.622,40.862],[8.636,40.883],[8.688,40.906],[8.703,40.916],[8.729,40.913],[8.76,40.916],[8.784,40.92],[8.809,40.935],[8.863,40.984],[8.88,41.025],[8.896,41.032],[8.929,41.044],[8.99,41.103],[8.997,41.105],[9.042,41.137],[9.051,41.136],[9.058,41.128],[9.086,41.128],[9.121,41.145],[9.123,41.149],[9.119,41.152],[9.125,41.156],[9.129,41.153],[9.161,41.162],[9.171,41.177],[9.157,41.203],[9.163,41.234],[9.156,41.236],[9.15,41.232],[9.149,41.231],[9.141,41.244],[9.161,41.241],[9.162,41.236],[9.17,41.242],[9.194,41.246],[9.225,41.259],[9.236,41.257],[9.236,41.247],[9.241,41.246],[9.281,41.228],[9.27,41.197],[9.274,41.194],[9.28,41.194],[9.279,41.198],[9.287,41.219],[9.292,41.2],[9.289,41.193],[9.305,41.191],[9.316,41.192],[9.318,41.198],[9.316,41.201],[9.318,41.203],[9.32,41.203],[9.319,41.196],[9.323,41.191],[9.333,41.185],[9.341,41.194],[9.338,41.191],[9.334,41.198],[9.338,41.203],[9.349,41.207],[9.356,41.204],[9.365,41.206],[9.368,41.188],[9.375,41.184],[9.384,41.186],[9.42,41.179],[9.42,41.165],[9.415,41.165],[9.409,41.156],[9.432,41.151],[9.43,41.147],[9.437,41.135],[9.443,41.102],[9.451,41.108],[9.472,41.126],[9.469,41.135],[9.465,41.141],[9.481,41.14],[9.482,41.143],[9.518,41.144],[9.529,41.153],[9.526,41.136],[9.545,41.134],[9.544,41.128],[9.541,41.114],[9.548,41.113],[9.554,41.119],[9.565,41.09],[9.544,41.089],[9.53,41.073],[9.532,41.062],[9.523,41.052],[9.52,41.028],[9.506,41.009],[9.529,41.017],[9.527,41.029],[9.532,41.03],[9.557,41.037],[9.557,41.019],[9.553,41.005],[9.571,41.005],[9.573,41.006],[9.572,41.006],[9.576,41.008],[9.574,41.006],[9.577,41.003],[9.607,41.019],[9.638,41.001],[9.657,41.004],[9.664,40.994],[9.647,40.985],[9.621,41.0],[9.621,41.002],[9.589,40.99],[9.583,40.976],[9.58,40.955],[9.567,40.94],[9.569,40.935],[9.573,40.935],[9.575,40.934],[9.562,40.924],[9.535,40.933],[9.518,40.93],[9.504,40.913],[9.529,40.914],[9.574,40.905],[9.589,40.9],[9.606,40.91],[9.607,40.913],[9.608,40.917],[9.642,40.92],[9.645,40.918],[9.622,40.896],[9.615,40.894],[9.616,40.889],[9.641,40.874],[9.645,40.88],[9.657,40.875],[9.654,40.859],[9.664,40.856],[9.673,40.858],[9.681,40.861],[9.688,40.853],[9.725,40.845],[9.714,40.833],[9.687,40.836],[9.681,40.822],[9.692,40.812],[9.685,40.806],[9.681,40.809],[9.675,40.806],[9.67,40.796],[9.672,40.783],[9.706,40.756],[9.714,40.746],[9.712,40.722],[9.72,40.702],[9.735,40.694],[9.75,40.68],[9.749,40.663],[9.75,40.655],[9.746,40.653],[9.742,40.638],[9.743,40.626],[9.749,40.619],[9.751,40.606],[9.757,40.594],[9.769,40.583],[9.79,40.57],[9.792,40.552],[9.794,40.546],[9.81,40.537],[9.825,40.532],[9.827,40.527],[9.809,40.473],[9.789,40.443],[9.774,40.409],[9.755,40.381],[9.742,40.381],[9.697,40.35],[9.678,40.331],[9.66,40.309],[9.632,40.277],[9.623,40.244],[9.628,40.225],[9.628,40.214],[9.626,40.208],[9.638,40.177],[9.639,40.177],[9.644,40.174],[9.655,40.15],[9.685,40.112],[9.703,40.101],[9.729,40.091],[9.736,40.077],[9.734,40.074],[9.726,40.063],[9.706,40.034],[9.7,40.016],[9.693,39.993],[9.685,39.96],[9.686,39.95],[9.7,39.936],[9.708,39.941],[9.709,39.924],[9.704,39.924],[9.686,39.911],[9.682,39.871],[9.697,39.854],[9.692,39.849],[9.675,39.812],[9.671,39.794],[9.668,39.769],[9.672,39.764],[9.672,39.754],[9.674,39.75],[9.674,39.72],[9.664,39.701],[9.659,39.694],[9.651,39.664],[9.652,39.634],[9.658,39.599],[9.644,39.547],[9.639,39.541],[9.631,39.502],[9.643,39.493],[9.642,39.485],[9.643,39.472],[9.636,39.436],[9.634,39.436],[9.614,39.4],[9.603,39.375],[9.599,39.33],[9.605,39.318],[9.616,39.312],[9.634,39.299],[9.623,39.297],[9.622,39.298],[9.603,39.292],[9.591,39.278],[9.582,39.264],[9.57,39.239],[9.565,39.208],[9.564,39.19],[9.576,39.186],[9.574,39.173],[9.567,39.152],[9.549,39.132],[9.531,39.128],[9.52,39.116],[9.518,39.105],[9.523,39.095],[9.505,39.11],[9.505,39.12],[9.507,39.117],[9.509,39.125],[9.504,39.13],[9.486,39.136],[9.45,39.129],[9.444,39.126],[9.438,39.122],[9.434,39.129],[9.406,39.144],[9.401,39.141],[9.392,39.149],[9.395,39.155],[9.385,39.16],[9.371,39.174],[9.357,39.178],[9.351,39.178],[9.341,39.188],[9.339,39.194],[9.322,39.204],[9.319,39.205],[9.299,39.212],[9.294,39.214],[9.254,39.216],[9.243,39.219],[9.232,39.227],[9.224,39.228],[9.192,39.221],[9.178,39.214],[9.166,39.206],[9.161,39.199],[9.162,39.192],[9.167,39.191],[9.146,39.184],[9.11,39.214],[9.061,39.193],[9.028,39.161],[9.018,39.146],[9.014,39.131],[9.016,39.105],[9.016,39.087],[9.017,39.086],[9.037,39.064],[9.04,39.063],[9.046,39.058],[9.026,39.024],[8.998,38.986],[8.996,38.985],[8.99,38.975],[8.942,38.939],[8.921,38.926],[8.904,38.906],[8.877,38.893],[8.837,38.878],[8.827,38.885],[8.8,38.898],[8.784,38.898],[8.78,38.913],[8.775,38.915],[8.751,38.923],[8.724,38.937],[8.715,38.925],[8.682,38.91],[8.67,38.909],[8.664,38.913],[8.67,38.897],[8.658,38.896],[8.649,38.893],[8.657,38.871],[8.638,38.869],[8.644,38.888],[8.646,38.894],[8.636,38.896],[8.61,38.891],[8.613,38.912],[8.619,38.949],[8.607,38.962],[8.6,38.963],[8.593,38.958],[8.585,38.96],[8.589,38.963],[8.571,38.992],[8.565,39.0],[8.571,39.015],[8.575,39.017],[8.576,39.024],[8.573,39.036],[8.563,39.046],[8.554,39.046],[8.55,39.044],[8.535,39.053],[8.512,39.062],[8.466,39.057],[8.461,39.037],[8.453,39.025],[8.452,38.996],[8.445,38.983],[8.441,38.979],[8.442,38.968],[8.438,38.967],[8.437,38.965],[8.437,38.963],[8.42,38.961],[8.416,38.96],[8.415,38.956],[8.407,38.958],[8.403,38.967],[8.404,38.974],[8.398,38.975],[8.394,38.989],[8.382,39.008],[8.372,39.021],[8.373,39.023],[8.364,39.033],[8.357,39.064],[8.35,39.076],[8.351,39.082],[8.353,39.081],[8.358,39.087],[8.36,39.108],[8.378,39.101],[8.386,39.099],[8.426,39.109],[8.433,39.095],[8.439,39.094],[8.456,39.084],[8.457,39.078],[8.474,39.059],[8.478,39.061],[8.478,39.07],[8.488,39.085],[8.472,39.112],[8.458,39.12],[8.44,39.117],[8.434,39.13],[8.411,39.173],[8.414,39.15],[8.4,39.184],[8.393,39.2],[8.367,39.228],[8.404,39.258],[8.416,39.266],[8.422,39.266],[8.433,39.282],[8.433,39.308],[8.422,39.321],[8.42,39.329],[8.413,39.337],[8.388,39.352],[8.376,39.369],[8.376,39.377],[8.402,39.404],[8.412,39.438],[8.411,39.441],[8.393,39.447],[8.39,39.478],[8.407,39.49],[8.435,39.522],[8.453,39.554],[8.464,39.576],[8.463,39.581],[8.469,39.595],[8.467,39.613],[8.456,39.62],[8.452,39.64],[8.45,39.675],[8.448,39.675],[8.445,39.685],[8.45,39.688],[8.452,39.713],[8.449,39.721],[8.446,39.748],[8.451,39.77],[8.458,39.769],[8.469,39.756],[8.498,39.718],[8.507,39.72],[8.506,39.726],[8.511,39.734],[8.521,39.746],[8.531,39.77],[8.545,39.794],[8.554,39.834],[8.555,39.853],[8.564,39.865],[8.54,39.869],[8.536,39.894],[8.526,39.901],[8.509,39.908],[8.479,39.905],[8.468,39.901],[8.442,39.878],[8.433,39.86],[8.439,39.869],[8.431,39.888],[8.409,39.901],[8.4,39.901],[8.401,39.959],[8.394,39.973],[8.401,39.987],[8.411,40.002],[8.413,40.012],[8.414,40.018],[8.4,40.033],[8.393,40.029],[8.389,40.044],[8.399,40.046],[8.406,40.047],[8.417,40.042],[8.44,40.05],[8.454,40.051],[8.493,40.087],[8.489,40.101],[8.472,40.13],[8.46,40.158],[8.46,40.175],[8.457,40.175],[8.459,40.184],[8.47,40.237],[8.476,40.255],[8.479,40.268],[8.484,40.274],[8.481,40.288],[8.478,40.289],[8.464,40.304],[8.467,40.306],[8.459,40.32],[8.443,40.319],[8.426,40.336],[8.379,40.36],[8.382,40.363],[8.402,40.409],[8.388,40.451],[8.386,40.455],[8.375,40.488],[8.37,40.495],[8.368,40.496]]],[[[8.711,40.919],[8.71,40.919],[8.71,40.919],[8.711,40.919],[8.711,40.919]]],[[[9.583,41.067],[9.58,41.068],[9.581,41.069],[9.582,41.069],[9.585,41.068],[9.584,41.068],[9.583,41.067]]],[[[9.576,41.061],[9.569,41.064],[9.579,41.067],[9.576,41.061]]],[[[9.588,41.069],[9.584,41.07],[9.588,41.071],[9.588,41.069]]],[[[9.587,41.074],[9.587,41.074],[9.587,41.075],[9.587,41.075],[9.588,41.075],[9.587,41.074]]],[[[9.601,41.079],[9.601,41.079],[9.601,41.079],[9.602,41.079],[9.602,41.079],[9.601,41.079]]],[[[9.61,41.08],[9.601,41.072],[9.598,41.077],[9.607,41.082],[9.61,41.08]]],[[[9.579,41.092],[9.579,41.092],[9.579,41.093],[9.58,41.092],[9.579,41.092]]],[[[9.581,41.094],[9.58,41.094],[9.58,41.095],[9.581,41.094],[9.581,41.094]]],[[[9.57,41.116],[9.568,41.116],[9.569,41.118],[9.57,41.116]]],[[[9.571,41.118],[9.57,41.118],[9.571,41.119],[9.571,41.118]]],[[[9.567,41.123],[9.564,41.123],[9.564,41.123],[9.565,41.124],[9.567,41.123],[9.567,41.123]]],[[[9.571,41.126],[9.57,41.128],[9.572,41.127],[9.571,41.126]]],[[[9.567,41.125],[9.564,41.126],[9.569,41.128],[9.567,41.125]]],[[[9.567,41.13],[9.566,41.131],[9.568,41.132],[9.567,41.13]]],[[[9.504,41.154],[9.5,41.153],[9.501,41.154],[9.504,41.154]]],[[[9.519,41.164],[9.518,41.164],[9.519,41.164],[9.519,41.164]]],[[[9.523,41.162],[9.52,41.164],[9.518,41.167],[9.526,41.162],[9.523,41.162]]],[[[9.46,41.174],[9.459,41.174],[9.459,41.175],[9.46,41.174],[9.46,41.174]]],[[[9.462,41.173],[9.46,41.174],[9.461,41.176],[9.462,41.173],[9.462,41.173]]],[[[9.488,41.184],[9.488,41.184],[9.487,41.184],[9.488,41.184],[9.488,41.184],[9.488,41.184],[9.488,41.184]]],[[[9.486,41.18],[9.484,41.185],[9.487,41.18],[9.486,41.18]]],[[[9.397,41.196],[9.396,41.196],[9.396,41.197],[9.396,41.197],[9.397,41.196],[9.397,41.196]]],[[[9.443,41.201],[9.442,41.202],[9.442,41.202],[9.443,41.201]]],[[[9.41,41.186],[9.398,41.198],[9.416,41.208],[9.42,41.207],[9.419,41.189],[9.41,41.186]]],[[[9.447,41.208],[9.446,41.208],[9.446,41.208],[9.447,41.208],[9.447,41.208]]],[[[9.417,41.21],[9.415,41.213],[9.417,41.215],[9.418,41.215],[9.419,41.214],[9.418,41.211],[9.417,41.21]]],[[[9.519,41.217],[9.518,41.217],[9.519,41.217]]],[[[9.518,41.217],[9.517,41.217],[9.517,41.217],[9.518,41.217]]],[[[9.519,41.219],[9.518,41.219],[9.519,41.219],[9.519,41.219]]],[[[9.519,41.22],[9.519,41.22],[9.519,41.22]]],[[[9.449,41.222],[9.45,41.222],[9.45,41.221],[9.447,41.222],[9.449,41.222]]],[[[9.456,41.227],[9.456,41.226],[9.456,41.225],[9.455,41.225],[9.455,41.227],[9.456,41.227]]],[[[9.337,41.228],[9.338,41.229],[9.338,41.228],[9.337,41.228]]],[[[9.455,41.228],[9.455,41.228],[9.455,41.229],[9.455,41.229],[9.456,41.228],[9.455,41.228]]],[[[9.358,41.245],[9.357,41.245],[9.358,41.246],[9.358,41.245]]],[[[9.471,41.246],[9.487,41.222],[9.486,41.216],[9.465,41.189],[9.467,41.183],[9.48,41.187],[9.48,41.181],[9.456,41.188],[9.443,41.185],[9.442,41.181],[9.436,41.183],[9.434,41.19],[9.439,41.19],[9.442,41.192],[9.442,41.197],[9.445,41.203],[9.452,41.199],[9.455,41.205],[9.452,41.218],[9.451,41.225],[9.455,41.224],[9.471,41.246]]],[[[9.357,41.246],[9.357,41.247],[9.357,41.246],[9.357,41.246]]],[[[9.397,41.249],[9.398,41.25],[9.398,41.249],[9.397,41.249]]],[[[9.325,41.249],[9.321,41.251],[9.324,41.252],[9.325,41.25],[9.325,41.249],[9.325,41.249]]],[[[9.344,41.251],[9.354,41.249],[9.36,41.244],[9.358,41.237],[9.339,41.231],[9.336,41.251],[9.344,41.251]]],[[[9.4,41.254],[9.398,41.253],[9.4,41.254],[9.4,41.254]]],[[[9.431,41.259],[9.433,41.25],[9.438,41.235],[9.444,41.229],[9.419,41.214],[9.417,41.217],[9.382,41.21],[9.381,41.235],[9.407,41.252],[9.413,41.251],[9.413,41.258],[9.418,41.269],[9.431,41.259]]],[[[9.403,41.276],[9.403,41.277],[9.403,41.277],[9.404,41.276],[9.403,41.276]]],[[[9.364,41.283],[9.363,41.283],[9.363,41.284],[9.364,41.284],[9.364,41.283]]],[[[9.365,41.283],[9.365,41.283],[9.365,41.284],[9.365,41.284],[9.365,41.283]]],[[[9.365,41.285],[9.364,41.285],[9.364,41.286],[9.365,41.286],[9.366,41.286],[9.365,41.285]]],[[[9.401,41.28],[9.401,41.287],[9.403,41.284],[9.401,41.28]]],[[[9.337,41.286],[9.336,41.286],[9.337,41.287],[9.337,41.287],[9.337,41.286],[9.337,41.286]]],[[[9.366,41.286],[9.365,41.286],[9.365,41.286],[9.366,41.287],[9.367,41.287],[9.367,41.286],[9.366,41.286]]],[[[9.401,41.287],[9.4,41.287],[9.4,41.287],[9.401,41.287],[9.401,41.287],[9.401,41.287]]],[[[9.399,41.287],[9.399,41.287],[9.399,41.288],[9.4,41.287],[9.4,41.287],[9.399,41.287]]],[[[9.362,41.287],[9.362,41.287],[9.362,41.288],[9.362,41.288],[9.362,41.288],[9.362,41.287]]],[[[9.355,41.277],[9.336,41.281],[9.335,41.284],[9.347,41.289],[9.358,41.287],[9.356,41.277],[9.355,41.277]]],[[[9.334,41.295],[9.334,41.294],[9.333,41.294],[9.333,41.295],[9.334,41.295],[9.334,41.295]]],[[[9.338,41.295],[9.338,41.295],[9.338,41.295],[9.338,41.295],[9.338,41.295]]],[[[9.336,41.294],[9.335,41.294],[9.335,41.295],[9.336,41.295],[9.336,41.294],[9.336,41.294]]],[[[9.335,41.294],[9.334,41.294],[9.334,41.295],[9.334,41.295],[9.335,41.295],[9.335,41.294],[9.335,41.294]]],[[[9.333,41.295],[9.332,41.295],[9.333,41.295],[9.333,41.295],[9.333,41.295]]],[[[9.407,41.294],[9.403,41.296],[9.407,41.295],[9.407,41.294]]],[[[9.401,41.293],[9.396,41.295],[9.4,41.298],[9.401,41.293]]],[[[9.401,41.302],[9.401,41.301],[9.401,41.301],[9.4,41.302],[9.4,41.302],[9.401,41.302]]],[[[9.381,41.308],[9.366,41.288],[9.361,41.297],[9.379,41.308],[9.381,41.308]]],[[[9.343,41.307],[9.359,41.295],[9.348,41.297],[9.336,41.301],[9.334,41.306],[9.342,41.308],[9.343,41.307]]],[[[9.37,41.309],[9.368,41.309],[9.37,41.309],[9.37,41.309]]],[[[9.377,41.308],[9.37,41.309],[9.377,41.313],[9.377,41.308]]],[[[9.37,41.313],[9.369,41.313],[9.37,41.313],[9.37,41.313]]],[[[9.708,40.875],[9.707,40.876],[9.708,40.876],[9.708,40.875]]],[[[9.778,40.874],[9.777,40.874],[9.778,40.876],[9.779,40.875],[9.778,40.874],[9.778,40.874]]],[[[9.731,40.875],[9.736,40.876],[9.737,40.86],[9.711,40.867],[9.714,40.875],[9.73,40.876],[9.731,40.875]]],[[[9.672,40.877],[9.671,40.877],[9.67,40.878],[9.671,40.879],[9.673,40.878],[9.672,40.877]]],[[[9.641,40.886],[9.641,40.885],[9.64,40.886],[9.641,40.886]]],[[[9.655,40.888],[9.647,40.888],[9.648,40.888],[9.655,40.889],[9.655,40.888]]],[[[9.668,40.894],[9.668,40.894],[9.668,40.894],[9.669,40.894],[9.668,40.894]]],[[[9.675,40.896],[9.674,40.897],[9.675,40.897],[9.675,40.896]]],[[[9.584,40.905],[9.582,40.904],[9.582,40.905],[9.584,40.905],[9.584,40.905]]],[[[9.526,40.917],[9.525,40.917],[9.526,40.918],[9.526,40.918],[9.527,40.918],[9.526,40.917]]],[[[9.509,40.918],[9.508,40.918],[9.509,40.918],[9.509,40.918]]],[[[9.509,40.916],[9.508,40.916],[9.508,40.917],[9.512,40.918],[9.51,40.917],[9.509,40.916]]],[[[9.647,40.917],[9.646,40.917],[9.648,40.918],[9.647,40.917],[9.647,40.917]]],[[[9.566,40.92],[9.566,40.92],[9.566,40.921],[9.567,40.921],[9.566,40.92]]],[[[9.638,40.92],[9.638,40.921],[9.638,40.92]]],[[[9.633,40.92],[9.632,40.92],[9.633,40.92],[9.633,40.92]]],[[[9.642,40.92],[9.641,40.92],[9.641,40.921],[9.642,40.92],[9.642,40.92]]],[[[9.642,40.921],[9.641,40.921],[9.641,40.921],[9.642,40.921],[9.642,40.921]]],[[[9.513,40.921],[9.51,40.921],[9.513,40.922],[9.513,40.921],[9.513,40.921]]],[[[9.634,40.921],[9.633,40.921],[9.633,40.922],[9.634,40.922],[9.634,40.921]]],[[[9.635,40.923],[9.635,40.923],[9.635,40.924],[9.635,40.923],[9.635,40.923]]],[[[9.734,40.923],[9.743,40.912],[9.733,40.909],[9.705,40.895],[9.686,40.892],[9.729,40.922],[9.735,40.924],[9.734,40.923]]],[[[9.526,40.93],[9.526,40.931],[9.527,40.932],[9.527,40.93],[9.526,40.93]]],[[[9.529,41.042],[9.529,41.041],[9.527,41.042],[9.529,41.042],[9.529,41.042]]],[[[9.334,41.19],[9.333,41.19],[9.332,41.191],[9.334,41.191],[9.335,41.191],[9.334,41.19]]],[[[8.225,40.967],[8.224,40.967],[8.224,40.968],[8.225,40.968],[8.225,40.967],[8.225,40.967]]],[[[8.213,40.972],[8.212,40.972],[8.212,40.972],[8.213,40.972]]],[[[8.215,40.983],[8.227,40.976],[8.216,40.968],[8.214,40.983],[8.215,40.983]]],[[[8.213,40.985],[8.213,40.986],[8.213,40.986],[8.213,40.985]]],[[[8.212,40.986],[8.211,40.986],[8.211,40.986],[8.212,40.986],[8.212,40.986]]],[[[8.253,41.028],[8.251,41.028],[8.251,41.029],[8.253,41.03],[8.253,41.029],[8.253,41.029],[8.253,41.028]]],[[[8.325,41.106],[8.35,41.088],[8.341,41.071],[8.329,41.051],[8.291,41.063],[8.272,41.054],[8.259,41.051],[8.244,41.032],[8.236,41.023],[8.242,41.026],[8.249,41.018],[8.253,40.985],[8.209,40.989],[8.229,41.023],[8.223,41.043],[8.257,41.062],[8.282,41.076],[8.28,41.091],[8.273,41.096],[8.281,41.105],[8.311,41.109],[8.312,41.117],[8.329,41.11],[8.325,41.106]]],[[[9.119,41.158],[9.12,41.158],[9.12,41.158],[9.119,41.158],[9.119,41.158]]],[[[9.119,41.158],[9.119,41.158],[9.119,41.158],[9.119,41.158]]],[[[9.279,41.233],[9.279,41.233],[9.279,41.233],[9.279,41.233]]],[[[9.185,41.249],[9.183,41.25],[9.183,41.251],[9.184,41.252],[9.185,41.25],[9.185,41.249]]],[[[9.239,41.253],[9.239,41.255],[9.239,41.254],[9.239,41.253]]],[[[9.239,41.256],[9.239,41.256],[9.24,41.256],[9.239,41.256],[9.239,41.256]]],[[[9.242,41.256],[9.24,41.257],[9.241,41.257],[9.241,41.257],[9.242,41.256],[9.242,41.256]]],[[[8.864,41.012],[8.864,41.016],[8.864,41.013],[8.864,41.012]]],[[[9.588,40.959],[9.589,40.959],[9.588,40.958],[9.588,40.959],[9.588,40.959]]],[[[9.645,40.978],[9.641,40.983],[9.647,40.98],[9.645,40.978]]],[[[8.214,40.88],[8.213,40.881],[8.215,40.881],[8.214,40.88]]],[[[8.174,40.939],[8.173,40.939],[8.174,40.94],[8.174,40.94],[8.174,40.939]]],[[[8.207,40.97],[8.207,40.97],[8.206,40.971],[8.207,40.972],[8.208,40.971],[8.207,40.97]]],[[[9.766,40.684],[9.765,40.684],[9.765,40.685],[9.767,40.686],[9.768,40.685],[9.767,40.684],[9.766,40.684]]],[[[9.716,40.735],[9.715,40.736],[9.719,40.737],[9.719,40.737],[9.719,40.736],[9.716,40.735]]],[[[9.709,40.827],[9.707,40.827],[9.708,40.829],[9.709,40.827]]],[[[9.724,40.846],[9.724,40.846],[9.725,40.846],[9.725,40.846],[9.724,40.846]]],[[[9.723,40.845],[9.722,40.846],[9.722,40.847],[9.723,40.848],[9.725,40.847],[9.724,40.846],[9.723,40.845]]],[[[9.677,40.864],[9.676,40.865],[9.677,40.864]]],[[[9.706,39.973],[9.703,39.973],[9.702,39.975],[9.703,39.975],[9.707,39.973],[9.706,39.973]]],[[[9.707,39.976],[9.707,39.976],[9.707,39.976],[9.707,39.976]]],[[[9.708,39.976],[9.708,39.977],[9.708,39.977],[9.708,39.977],[9.709,39.976],[9.708,39.976]]],[[[9.817,40.538],[9.817,40.539],[9.821,40.541],[9.817,40.538],[9.817,40.538]]],[[[9.024,38.985],[9.023,38.985],[9.024,38.985]]],[[[9.032,39.002],[9.032,39.004],[9.033,39.003],[9.032,39.002]]],[[[8.276,39.881],[8.275,39.882],[8.275,39.882],[8.276,39.882],[8.276,39.881],[8.276,39.881]]],[[[8.313,39.995],[8.309,39.988],[8.301,39.991],[8.31,39.994],[8.313,39.995]]],[[[8.487,40.092],[8.487,40.092],[8.487,40.093],[8.487,40.092]]],[[[8.488,40.093],[8.487,40.093],[8.487,40.094],[8.488,40.093],[8.488,40.093]]],[[[8.486,40.094],[8.486,40.095],[8.486,40.094]]],[[[8.487,40.094],[8.486,40.095],[8.487,40.094]]],[[[8.455,40.21],[8.456,40.209],[8.454,40.211],[8.455,40.21]]],[[[8.404,40.053],[8.403,40.054],[8.404,40.054],[8.404,40.053]]],[[[8.377,40.36],[8.377,40.361],[8.378,40.36],[8.377,40.36]]],[[[8.263,39.175],[8.263,39.175],[8.262,39.176],[8.263,39.175],[8.263,39.175]]],[[[8.32,39.185],[8.318,39.186],[8.318,39.187],[8.319,39.186],[8.32,39.185]]],[[[8.308,39.18],[8.306,39.163],[8.308,39.129],[8.305,39.102],[8.262,39.103],[8.247,39.11],[8.236,39.143],[8.224,39.141],[8.251,39.171],[8.256,39.169],[8.289,39.18],[8.305,39.186],[8.308,39.18]]],[[[8.324,39.189],[8.32,39.195],[8.325,39.19],[8.324,39.189]]],[[[8.865,38.882],[8.865,38.882],[8.865,38.882],[8.865,38.883],[8.865,38.882],[8.865,38.882]]],[[[8.891,38.897],[8.89,38.897],[8.89,38.898],[8.891,38.898],[8.891,38.897],[8.891,38.897]]],[[[8.401,39.334],[8.398,39.335],[8.402,39.334],[8.402,39.334],[8.401,39.334]]],[[[9.628,39.309],[9.628,39.309],[9.628,39.308],[9.627,39.308],[9.628,39.309]]],[[[8.357,39.226],[8.356,39.226],[8.356,39.226],[8.356,39.227],[8.357,39.226],[8.357,39.226]]],[[[8.356,39.227],[8.355,39.227],[8.355,39.228],[8.355,39.229],[8.356,39.228],[8.356,39.227]]],[[[8.41,38.863],[8.412,38.861],[8.408,38.863],[8.41,38.863]]],[[[8.45,38.935],[8.448,38.935],[8.448,38.936],[8.45,38.939],[8.451,38.937],[8.45,38.935]]],[[[8.45,38.941],[8.45,38.941],[8.45,38.942],[8.451,38.942],[8.451,38.941],[8.45,38.941]]],[[[8.463,39.081],[8.463,39.082],[8.463,39.082],[8.463,39.081]]],[[[8.437,39.105],[8.438,39.106],[8.438,39.105],[8.437,39.105]]],[[[8.825,38.881],[8.824,38.881],[8.825,38.882],[8.825,38.882],[8.825,38.881]]],[[[8.828,38.881],[8.826,38.882],[8.828,38.882],[8.828,38.881]]],[[[8.813,38.89],[8.812,38.89],[8.812,38.892],[8.814,38.893],[8.814,38.891],[8.813,38.89]]],[[[8.766,38.914],[8.765,38.914],[8.766,38.915],[8.766,38.914]]],[[[8.717,38.913],[8.715,38.912],[8.714,38.914],[8.715,38.916],[8.718,38.916],[8.719,38.915],[8.717,38.913]]],[[[9.659,39.524],[9.658,39.525],[9.659,39.524],[9.659,39.524]]],[[[9.659,39.524],[9.659,39.524],[9.659,39.525],[9.659,39.525],[9.66,39.524],[9.66,39.524],[9.659,39.524]]],[[[9.537,39.081],[9.536,39.081],[9.536,39.082],[9.536,39.082],[9.537,39.082],[9.537,39.081]]],[[[9.54,39.083],[9.539,39.083],[9.539,39.083],[9.539,39.083],[9.54,39.083],[9.54,39.083],[9.54,39.083]]],[[[9.542,39.083],[9.54,39.084],[9.541,39.084],[9.542,39.083]]],[[[9.537,39.085],[9.536,39.085],[9.536,39.085],[9.536,39.085],[9.537,39.085]]],[[[9.535,39.088],[9.534,39.085],[9.534,39.082],[9.532,39.09],[9.535,39.088]]],[[[9.606,39.145],[9.608,39.138],[9.604,39.135],[9.606,39.145],[9.606,39.145]]],[[[9.604,39.147],[9.603,39.147],[9.602,39.148],[9.604,39.149],[9.605,39.148],[9.604,39.147]]],[[[9.606,39.149],[9.605,39.149],[9.606,39.15],[9.606,39.149],[9.606,39.149]]],[[[9.605,39.151],[9.604,39.152],[9.605,39.152],[9.605,39.151]]]]},"properties":{"reg_name":"Sardegna"}}]}